UPC,230ac636ea0ea415
Product Type,Books
Price (excl. tax),£39.07
Price (incl. tax),£39.07
Tax,£0.00
Availability,In stock (1 available)
Number of reviews,0
UPC,a897fe39b1053632
Product Type,Books
Price (excl. tax),£51.77
Price (incl. tax),£51.77
Tax,£0.00
Availability,In stock (22 available)
Number of reviews,0
UPC,90fa61229261140a
Product Type,Books
Price (excl. tax),£53.74
Price (incl. tax),£53.74
Tax,£0.00
Availability,In stock (20 available)
Number of reviews,0
UPC,6957f44c3847a760
Product Type,Books
Price (excl. tax),£50.10
Price (incl. tax),£50.10
Tax,£0.00
Availability,In stock (20 available)
Number of reviews,0
UPC,e00eb4fd7b871a48
Product Type,Books
Price (excl. tax),£47.82
Price (incl. tax),£47.82
Tax,£0.00
Availability,In stock (20 available)
Number of reviews,0
UPC,4165285e1663650f
Product Type,Books
Price (excl. tax),£54.23
Price (incl. tax),£54.23
Tax,£0.00
Availability,In stock (20 available)
Number of reviews,0
UPC,f77dbf2323deb740
Product Type,Books
Price (excl. tax),£22.65
Price (incl. tax),£22.65
Tax,£0.00
Availability,In stock (19 available)
Number of reviews,0
UPC,2597b5a345f45e1b
Product Type,Books
Price (excl. tax),£33.34
Price (incl. tax),£33.34
Tax,£0.00
Availability,In stock (19 available)
Number of reviews,0
UPC,e72a5dfc7e9267b2
Product Type,Books
Price (excl. tax),£17.93
Price (incl. tax),£17.93
Tax,£0.00
Availability,In stock (19 available)
Number of reviews,0
UPC,e10e1e165dc8be4a
Product Type,Books
Price (excl. tax),£22.60
Price (incl. tax),£22.60
Tax,£0.00
Availability,In stock (19 available)
Number of reviews,0
UPC,1dfe412b8ac00530
Product Type,Books
Price (excl. tax),£52.15
Price (incl. tax),£52.15
Tax,£0.00
Availability,In stock (19 available)
Number of reviews,0
UPC,0312262ecafa5a40
Product Type,Books
Price (excl. tax),£13.99
Price (incl. tax),£13.99
Tax,£0.00
Availability,In stock (19 available)
Number of reviews,0
UPC,30a7f60cd76ca58c
Product Type,Books
Price (excl. tax),£20.66
Price (incl. tax),£20.66
Tax,£0.00
Availability,In stock (19 available)
Number of reviews,0
UPC,ce6396b0f23f6ecc
Product Type,Books
Price (excl. tax),£17.46
Price (incl. tax),£17.46
Tax,£0.00
Availability,In stock (19 available)
Number of reviews,0
UPC,3b1c02bac2a429e6
Product Type,Books
Price (excl. tax),£52.29
Price (incl. tax),£52.29
Tax,£0.00
Availability,In stock (19 available)
Number of reviews,0
UPC,a34ba96d4081e6a4
Product Type,Books
Price (excl. tax),£35.02
Price (incl. tax),£35.02
Tax,£0.00
Availability,In stock (19 available)
Number of reviews,0
UPC,deda3e61b9514b83
Product Type,Books
Price (excl. tax),£57.25
Price (incl. tax),£57.25
Tax,£0.00
Availability,In stock (19 available)
Number of reviews,0
UPC,feb7cc7701ecf901
Product Type,Books
Price (excl. tax),£23.88
Price (incl. tax),£23.88
Tax,£0.00
Availability,In stock (19 available)
Number of reviews,0
UPC,e30f54cea9b38190
Product Type,Books
Price (excl. tax),£37.59
Price (incl. tax),£37.59
Tax,£0.00
Availability,In stock (19 available)
Number of reviews,0
UPC,a18a4f574854aced
Product Type,Books
Price (excl. tax),£51.33
Price (incl. tax),£51.33
Tax,£0.00
Availability,In stock (19 available)
Number of reviews,0
UPC,a22124811bfa8350
Product Type,Books
Price (excl. tax),£45.17
Price (incl. tax),£45.17
Tax,£0.00
Availability,In stock (19 available)
Number of reviews,0
UPC,a22124811bfa8350
Product Type,Books
Price (excl. tax),£45.17
Price (incl. tax),£45.17
Tax,£0.00
Availability,In stock (19 available)
Number of reviews,0
UPC,ce60436f52c5ee68
Product Type,Books
Price (excl. tax),£49.43
Price (incl. tax),£49.43
Tax,£0.00
Availability,In stock (15 available)
Number of reviews,0
UPC,f9705c362f070608
Product Type,Books
Price (excl. tax),£48.87
Price (incl. tax),£48.87
Tax,£0.00
Availability,In stock (14 available)
Number of reviews,0
UPC,1809259a5a5f1d8d
Product Type,Books
Price (excl. tax),£36.94
Price (incl. tax),£36.94
Tax,£0.00
Availability,In stock (8 available)
Number of reviews,0
UPC,a94350ee74deaa07
Product Type,Books
Price (excl. tax),£37.33
Price (incl. tax),£37.33
Tax,£0.00
Availability,In stock (7 available)
Number of reviews,0
UPC,cc1936a9f4e93477
Product Type,Books
Price (excl. tax),£44.34
Price (incl. tax),£44.34
Tax,£0.00
Availability,In stock (7 available)
Number of reviews,0
UPC,48736df57e7bec9f
Product Type,Books
Price (excl. tax),£30.54
Price (incl. tax),£30.54
Tax,£0.00
Availability,In stock (6 available)
Number of reviews,0
UPC,9e60929f521fa280
Product Type,Books
Price (excl. tax),£56.88
Price (incl. tax),£56.88
Tax,£0.00
Availability,In stock (6 available)
Number of reviews,0
UPC,366a236aa1ea6f07
Product Type,Books
Price (excl. tax),£23.21
Price (incl. tax),£23.21
Tax,£0.00
Availability,In stock (3 available)
Number of reviews,0
UPC,747cf7fca2ccdbd4
Product Type,Books
Price (excl. tax),£38.95
Price (incl. tax),£38.95
Tax,£0.00
Availability,In stock (3 available)
Number of reviews,0
UPC,228ba5e7577e1d49
Product Type,Books
Price (excl. tax),£26.08
Price (incl. tax),£26.08
Tax,£0.00
Availability,In stock (1 available)
Number of reviews,0
UPC,e00eb4fd7b871a48
Product Type,Books
Price (excl. tax),£47.82
Price (incl. tax),£47.82
Tax,£0.00
Availability,In stock (20 available)
Number of reviews,0
UPC,19ed25f4641d5efd
Product Type,Books
Price (excl. tax),£19.63
Price (incl. tax),£19.63
Tax,£0.00
Availability,In stock (18 available)
Number of reviews,0
UPC,5ee94540d0749ea0
Product Type,Books
Price (excl. tax),£56.50
Price (incl. tax),£56.50
Tax,£0.00
Availability,In stock (16 available)
Number of reviews,0
UPC,f733e8c19d40ec2e
Product Type,Books
Price (excl. tax),£16.64
Price (incl. tax),£16.64
Tax,£0.00
Availability,In stock (16 available)
Number of reviews,0
UPC,c7b5183f4d1d4efe
Product Type,Books
Price (excl. tax),£44.10
Price (incl. tax),£44.10
Tax,£0.00
Availability,In stock (15 available)
Number of reviews,0
UPC,3bc89353f7e3a3cc
Product Type,Books
Price (excl. tax),£54.21
Price (incl. tax),£54.21
Tax,£0.00
Availability,In stock (14 available)
Number of reviews,0
UPC,0c7b9cf2b7662b65
Product Type,Books
Price (excl. tax),£13.92
Price (incl. tax),£13.92
Tax,£0.00
Availability,In stock (14 available)
Number of reviews,0
UPC,2d1e337aaf341858
Product Type,Books
Price (excl. tax),£10.69
Price (incl. tax),£10.69
Tax,£0.00
Availability,In stock (14 available)
Number of reviews,0
UPC,4416c474713ec1f5
Product Type,Books
Price (excl. tax),£48.35
Price (incl. tax),£48.35
Tax,£0.00
Availability,In stock (14 available)
Number of reviews,0
UPC,63ee5bc46066a8a8
Product Type,Books
Price (excl. tax),£16.73
Price (incl. tax),£16.73
Tax,£0.00
Availability,In stock (14 available)
Number of reviews,0
UPC,abdd91e96515a617
Product Type,Books
Price (excl. tax),£26.80
Price (incl. tax),£26.80
Tax,£0.00
Availability,In stock (12 available)
Number of reviews,0
UPC,e7fe3bf2768602cf
Product Type,Books
Price (excl. tax),£54.36
Price (incl. tax),£54.36
Tax,£0.00
Availability,In stock (12 available)
Number of reviews,0
UPC,c039f5aceb093537
Product Type,Books
Price (excl. tax),£35.28
Price (incl. tax),£35.28
Tax,£0.00
Availability,In stock (12 available)
Number of reviews,0
UPC,bddc6fd036eb6279
Product Type,Books
Price (excl. tax),£11.84
Price (incl. tax),£11.84
Tax,£0.00
Availability,In stock (12 available)
Number of reviews,0
UPC,49b24c6a41b82bd2
Product Type,Books
Price (excl. tax),£59.48
Price (incl. tax),£59.48
Tax,£0.00
Availability,In stock (12 available)
Number of reviews,0
UPC,6159d8b187831770
Product Type,Books
Price (excl. tax),£27.26
Price (incl. tax),£27.26
Tax,£0.00
Availability,In stock (11 available)
Number of reviews,0
UPC,05a61a3bd8ca4149
Product Type,Books
Price (excl. tax),£13.71
Price (incl. tax),£13.71
Tax,£0.00
Availability,In stock (11 available)
Number of reviews,0
UPC,9735c969c652dd89
Product Type,Books
Price (excl. tax),£25.37
Price (incl. tax),£25.37
Tax,£0.00
Availability,In stock (7 available)
Number of reviews,0
UPC,20789fb17b423c4c
Product Type,Books
Price (excl. tax),£52.30
Price (incl. tax),£52.30
Tax,£0.00
Availability,In stock (7 available)
Number of reviews,0
UPC,4e980425468708da
Product Type,Books
Price (excl. tax),£20.89
Price (incl. tax),£20.89
Tax,£0.00
Availability,In stock (7 available)
Number of reviews,0
UPC,90fa61229261140a
Product Type,Books
Price (excl. tax),£53.74
Price (incl. tax),£53.74
Tax,£0.00
Availability,In stock (20 available)
Number of reviews,0
UPC,9beb96a2300109d7
Product Type,Books
Price (excl. tax),£29.69
Price (incl. tax),£29.69
Tax,£0.00
Availability,In stock (16 available)
Number of reviews,0
UPC,3a6fb983e2554023
Product Type,Books
Price (excl. tax),£55.53
Price (incl. tax),£55.53
Tax,£0.00
Availability,In stock (16 available)
Number of reviews,0
UPC,9287e238d7c3b06e
Product Type,Books
Price (excl. tax),£36.95
Price (incl. tax),£36.95
Tax,£0.00
Availability,In stock (15 available)
Number of reviews,0
UPC,a40723994f715420
Product Type,Books
Price (excl. tax),£30.25
Price (incl. tax),£30.25
Tax,£0.00
Availability,In stock (15 available)
Number of reviews,0
UPC,52cf2a5933ec5d8f
Product Type,Books
Price (excl. tax),£28.08
Price (incl. tax),£28.08
Tax,£0.00
Availability,In stock (14 available)
Number of reviews,0
UPC,de4b403cb629a29f
Product Type,Books
Price (excl. tax),£45.84
Price (incl. tax),£45.84
Tax,£0.00
Availability,In stock (14 available)
Number of reviews,0
UPC,9546d537fbf99eb6
Product Type,Books
Price (excl. tax),£20.55
Price (incl. tax),£20.55
Tax,£0.00
Availability,In stock (12 available)
Number of reviews,0
UPC,63343e287971bb0c
Product Type,Books
Price (excl. tax),£39.01
Price (incl. tax),£39.01
Tax,£0.00
Availability,In stock (12 available)
Number of reviews,0
UPC,bade9943ee01b63f
Product Type,Books
Price (excl. tax),£17.28
Price (incl. tax),£17.28
Tax,£0.00
Availability,In stock (11 available)
Number of reviews,0
UPC,24933c712f0bca2f
Product Type,Books
Price (excl. tax),£16.62
Price (incl. tax),£16.62
Tax,£0.00
Availability,In stock (7 available)
Number of reviews,0
UPC,e6635f5b0a2c78db
Product Type,Books
Price (excl. tax),£37.34
Price (incl. tax),£37.34
Tax,£0.00
Availability,In stock (6 available)
Number of reviews,0
UPC,2e5b4ff08a75fd02
Product Type,Books
Price (excl. tax),£32.97
Price (incl. tax),£32.97
Tax,£0.00
Availability,In stock (5 available)
Number of reviews,0
UPC,011674f4a3834b8d
Product Type,Books
Price (excl. tax),£28.32
Price (incl. tax),£28.32
Tax,£0.00
Availability,In stock (4 available)
Number of reviews,0
UPC,5eff05e59f905a49
Product Type,Books
Price (excl. tax),£26.77
Price (incl. tax),£26.77
Tax,£0.00
Availability,In stock (4 available)
Number of reviews,0
UPC,7feac4000cbc5859
Product Type,Books
Price (excl. tax),£21.07
Price (incl. tax),£21.07
Tax,£0.00
Availability,In stock (3 available)
Number of reviews,0
UPC,3c456328b04a8ee8
Product Type,Books
Price (excl. tax),£35.66
Price (incl. tax),£35.66
Tax,£0.00
Availability,In stock (3 available)
Number of reviews,0
UPC,476c7972e9b41891
Product Type,Books
Price (excl. tax),£55.55
Price (incl. tax),£55.55
Tax,£0.00
Availability,In stock (3 available)
Number of reviews,0
UPC,4a0a276409968a73
Product Type,Books
Price (excl. tax),£49.53
Price (incl. tax),£49.53
Tax,£0.00
Availability,In stock (3 available)
Number of reviews,0
UPC,41fc5dce044f16f5
Product Type,Books
Price (excl. tax),£46.83
Price (incl. tax),£46.83
Tax,£0.00
Availability,In stock (3 available)
Number of reviews,0
UPC,3b1c02bac2a429e6
Product Type,Books
Price (excl. tax),£52.29
Price (incl. tax),£52.29
Tax,£0.00
Availability,In stock (19 available)
Number of reviews,0
UPC,09555be379ad9253
Product Type,Books
Price (excl. tax),£16.28
Price (incl. tax),£16.28
Tax,£0.00
Availability,In stock (16 available)
Number of reviews,0
UPC,51653ef291ab7ddc
Product Type,Books
Price (excl. tax),£19.49
Price (incl. tax),£19.49
Tax,£0.00
Availability,In stock (16 available)
Number of reviews,0
UPC,7d385d34d12e60ff
Product Type,Books
Price (excl. tax),£38.16
Price (incl. tax),£38.16
Tax,£0.00
Availability,In stock (16 available)
Number of reviews,0
UPC,53a3d11bb568cc8b
Product Type,Books
Price (excl. tax),£51.04
Price (incl. tax),£51.04
Tax,£0.00
Availability,In stock (16 available)
Number of reviews,0
UPC,c82a3e358c773c73
Product Type,Books
Price (excl. tax),£50.40
Price (incl. tax),£50.40
Tax,£0.00
Availability,In stock (16 available)
Number of reviews,0
UPC,0fa6dceead7ce47a
Product Type,Books
Price (excl. tax),£13.61
Price (incl. tax),£13.61
Tax,£0.00
Availability,In stock (16 available)
Number of reviews,0
UPC,e80f8e518b300dfe
Product Type,Books
Price (excl. tax),£18.97
Price (incl. tax),£18.97
Tax,£0.00
Availability,In stock (16 available)
Number of reviews,0
UPC,9429b4d59c537af5
Product Type,Books
Price (excl. tax),£10.16
Price (incl. tax),£10.16
Tax,£0.00
Availability,In stock (16 available)
Number of reviews,0
UPC,889139b8e9c4cb36
Product Type,Books
Price (excl. tax),£15.44
Price (incl. tax),£15.44
Tax,£0.00
Availability,In stock (16 available)
Number of reviews,0
UPC,11809b1d323b3057
Product Type,Books
Price (excl. tax),£48.41
Price (incl. tax),£48.41
Tax,£0.00
Availability,In stock (16 available)
Number of reviews,0
UPC,460089f796fb3f82
Product Type,Books
Price (excl. tax),£46.91
Price (incl. tax),£46.91
Tax,£0.00
Availability,In stock (16 available)
Number of reviews,0
UPC,b6ee99bcf06fc91f
Product Type,Books
Price (excl. tax),£45.61
Price (incl. tax),£45.61
Tax,£0.00
Availability,In stock (16 available)
Number of reviews,0
UPC,57e5a4d515c8ce44
Product Type,Books
Price (excl. tax),£19.92
Price (incl. tax),£19.92
Tax,£0.00
Availability,In stock (16 available)
Number of reviews,0
UPC,8d4eefad7a2b3915
Product Type,Books
Price (excl. tax),£29.17
Price (incl. tax),£29.17
Tax,£0.00
Availability,In stock (16 available)
Number of reviews,0
UPC,1c89ae5bb804e4de
Product Type,Books
Price (excl. tax),£54.63
Price (incl. tax),£54.63
Tax,£0.00
Availability,In stock (16 available)
Number of reviews,0
UPC,f2df3bb043a8abb0
Product Type,Books
Price (excl. tax),£22.11
Price (incl. tax),£22.11
Tax,£0.00
Availability,In stock (16 available)
Number of reviews,0
UPC,09b6cc87e62c2c58
Product Type,Books
Price (excl. tax),£51.99
Price (incl. tax),£51.99
Tax,£0.00
Availability,In stock (16 available)
Number of reviews,0
UPC,8754c83ab2a7ae71
Product Type,Books
Price (excl. tax),£36.72
Price (incl. tax),£36.72
Tax,£0.00
Availability,In stock (16 available)
Number of reviews,0
UPC,7b599c8bfcdd8d30
Product Type,Books
Price (excl. tax),£17.08
Price (incl. tax),£17.08
Tax,£0.00
Availability,In stock (16 available)
Number of reviews,0
UPC,abbb492978ff656d
Product Type,Books
Price (excl. tax),£15.08
Price (incl. tax),£15.08
Tax,£0.00
Availability,In stock (5 available)
Number of reviews,0
UPC,93379e3a2072a01b
Product Type,Books
Price (excl. tax),£28.58
Price (incl. tax),£28.58
Tax,£0.00
Availability,In stock (5 available)
Number of reviews,0
UPC,6053ddf69c967d5f
Product Type,Books
Price (excl. tax),£50.26
Price (incl. tax),£50.26
Tax,£0.00
Availability,In stock (4 available)
Number of reviews,0
UPC,6587f46697fc4443
Product Type,Books
Price (excl. tax),£14.82
Price (incl. tax),£14.82
Tax,£0.00
Availability,In stock (4 available)
Number of reviews,0
UPC,deda806b68b0aa11
Product Type,Books
Price (excl. tax),£28.07
Price (incl. tax),£28.07
Tax,£0.00
Availability,In stock (4 available)
Number of reviews,0
UPC,23310ce84d3c9f85
Product Type,Books
Price (excl. tax),£32.49
Price (incl. tax),£32.49
Tax,£0.00
Availability,In stock (4 available)
Number of reviews,0
UPC,2798974abc8a58a8
Product Type,Books
Price (excl. tax),£58.63
Price (incl. tax),£58.63
Tax,£0.00
Availability,In stock (4 available)
Number of reviews,0
UPC,1451b55e5e56bb89
Product Type,Books
Price (excl. tax),£57.22
Price (incl. tax),£57.22
Tax,£0.00
Availability,In stock (4 available)
Number of reviews,0
UPC,5a7ff9aaa3168878
Product Type,Books
Price (excl. tax),£17.73
Price (incl. tax),£17.73
Tax,£0.00
Availability,In stock (3 available)
Number of reviews,0
UPC,b9f6305a3d650e2c
Product Type,Books
Price (excl. tax),£29.70
Price (incl. tax),£29.70
Tax,£0.00
Availability,In stock (3 available)
Number of reviews,0
UPC,cad70d6ffd53912f
Product Type,Books
Price (excl. tax),£26.78
Price (incl. tax),£26.78
Tax,£0.00
Availability,In stock (3 available)
Number of reviews,0
UPC,3fb69f34e178d494
Product Type,Books
Price (excl. tax),£38.35
Price (incl. tax),£38.35
Tax,£0.00
Availability,In stock (3 available)
Number of reviews,0
UPC,cfe350b20d23b02b
Product Type,Books
Price (excl. tax),£35.01
Price (incl. tax),£35.01
Tax,£0.00
Availability,In stock (3 available)
Number of reviews,0
UPC,32d035df92ab9080
Product Type,Books
Price (excl. tax),£43.19
Price (incl. tax),£43.19
Tax,£0.00
Availability,In stock (1 available)
Number of reviews,0
UPC,1aeca7d078d57deb
Product Type,Books
Price (excl. tax),£45.42
Price (incl. tax),£45.42
Tax,£0.00
Availability,In stock (1 available)
Number of reviews,0
UPC,35e44170702139a4
Product Type,Books
Price (excl. tax),£37.46
Price (incl. tax),£37.46
Tax,£0.00
Availability,In stock (1 available)
Number of reviews,0
UPC,39592d9d72e717c4
Product Type,Books
Price (excl. tax),£47.11
Price (incl. tax),£47.11
Tax,£0.00
Availability,In stock (1 available)
Number of reviews,0
UPC,2e69730561ed70ad
Product Type,Books
Price (excl. tax),£32.93
Price (incl. tax),£32.93
Tax,£0.00
Availability,In stock (1 available)
Number of reviews,0
UPC,cd2a2a70dd5d176d
Product Type,Books
Price (excl. tax),£55.53
Price (incl. tax),£55.53
Tax,£0.00
Availability,In stock (1 available)
Number of reviews,0
UPC,6be3beb0793a53e7
Product Type,Books
Price (excl. tax),£15.94
Price (incl. tax),£15.94
Tax,£0.00
Availability,In stock (18 available)
Number of reviews,0
UPC,bd261725b99f5983
Product Type,Books
Price (excl. tax),£58.11
Price (incl. tax),£58.11
Tax,£0.00
Availability,In stock (16 available)
Number of reviews,0
UPC,f5a92cff83897d48
Product Type,Books
Price (excl. tax),£17.44
Price (incl. tax),£17.44
Tax,£0.00
Availability,In stock (15 available)
Number of reviews,0
UPC,d56d0710668bb39c
Product Type,Books
Price (excl. tax),£54.21
Price (incl. tax),£54.21
Tax,£0.00
Availability,In stock (8 available)
Number of reviews,0
UPC,0cf57cb49272fd37
Product Type,Books
Price (excl. tax),£47.13
Price (incl. tax),£47.13
Tax,£0.00
Availability,In stock (8 available)
Number of reviews,0
UPC,6b52904b2ab91bf6
Product Type,Books
Price (excl. tax),£29.93
Price (incl. tax),£29.93
Tax,£0.00
Availability,In stock (7 available)
Number of reviews,0
UPC,429b4a811bef386c
Product Type,Books
Price (excl. tax),£20.75
Price (incl. tax),£20.75
Tax,£0.00
Availability,In stock (5 available)
Number of reviews,0
UPC,b0e479be03911916
Product Type,Books
Price (excl. tax),£20.02
Price (incl. tax),£20.02
Tax,£0.00
Availability,In stock (2 available)
Number of reviews,0
UPC,5c10b64db3e4f228
Product Type,Books
Price (excl. tax),£36.34
Price (incl. tax),£36.34
Tax,£0.00
Availability,In stock (1 available)
Number of reviews,0
UPC,4f19709e47883df5
Product Type,Books
Price (excl. tax),£25.89
Price (incl. tax),£25.89
Tax,£0.00
Availability,In stock (1 available)
Number of reviews,0
UPC,08672cd59171d5e4
Product Type,Books
Price (excl. tax),£43.38
Price (incl. tax),£43.38
Tax,£0.00
Availability,In stock (1 available)
Number of reviews,0
UPC,c2e46a2ee3b4a322
Product Type,Books
Price (excl. tax),£25.27
Price (incl. tax),£25.27
Tax,£0.00
Availability,In stock (19 available)
Number of reviews,0
UPC,00bfed9e18bb36f3
Product Type,Books
Price (excl. tax),£34.53
Price (incl. tax),£34.53
Tax,£0.00
Availability,In stock (19 available)
Number of reviews,0
UPC,2a97cffe61c3c4c7
Product Type,Books
Price (excl. tax),£33.97
Price (incl. tax),£33.97
Tax,£0.00
Availability,In stock (16 available)
Number of reviews,0
UPC,9e28048cea8d41f7
Product Type,Books
Price (excl. tax),£15.97
Price (incl. tax),£15.97
Tax,£0.00
Availability,In stock (16 available)
Number of reviews,0
UPC,7add3f8e49ec0826
Product Type,Books
Price (excl. tax),£21.96
Price (incl. tax),£21.96
Tax,£0.00
Availability,In stock (16 available)
Number of reviews,0
UPC,623e1a180426039b
Product Type,Books
Price (excl. tax),£24.12
Price (incl. tax),£24.12
Tax,£0.00
Availability,In stock (15 available)
Number of reviews,0
UPC,203b7f94b7d6115f
Product Type,Books
Price (excl. tax),£55.99
Price (incl. tax),£55.99
Tax,£0.00
Availability,In stock (15 available)
Number of reviews,0
UPC,ca71e72655bece85
Product Type,Books
Price (excl. tax),£16.24
Price (incl. tax),£16.24
Tax,£0.00
Availability,In stock (15 available)
Number of reviews,0
UPC,3a11bb962ff45b78
Product Type,Books
Price (excl. tax),£35.61
Price (incl. tax),£35.61
Tax,£0.00
Availability,In stock (15 available)
Number of reviews,0
UPC,c5cb9f885d8b3621
Product Type,Books
Price (excl. tax),£32.61
Price (incl. tax),£32.61
Tax,£0.00
Availability,In stock (14 available)
Number of reviews,0
UPC,0b165bd4b9f42fd5
Product Type,Books
Price (excl. tax),£28.82
Price (incl. tax),£28.82
Tax,£0.00
Availability,In stock (14 available)
Number of reviews,0
UPC,df7e628bad5782b4
Product Type,Books
Price (excl. tax),£40.83
Price (incl. tax),£40.83
Tax,£0.00
Availability,In stock (12 available)
Number of reviews,0
UPC,cf62fa272b5f0fa3
Product Type,Books
Price (excl. tax),£53.98
Price (incl. tax),£53.98
Tax,£0.00
Availability,In stock (11 available)
Number of reviews,0
UPC,b783ce08802cd1d1
Product Type,Books
Price (excl. tax),£47.67
Price (incl. tax),£47.67
Tax,£0.00
Availability,In stock (11 available)
Number of reviews,0
UPC,40c4bf520c17de54
Product Type,Books
Price (excl. tax),£14.75
Price (incl. tax),£14.75
Tax,£0.00
Availability,In stock (11 available)
Number of reviews,0
UPC,bd087cf6a846db75
Product Type,Books
Price (excl. tax),£20.90
Price (incl. tax),£20.90
Tax,£0.00
Availability,In stock (7 available)
Number of reviews,0
UPC,cf3b86489890b9f2
Product Type,Books
Price (excl. tax),£31.30
Price (incl. tax),£31.30
Tax,£0.00
Availability,In stock (5 available)
Number of reviews,0
UPC,9cc207168a03470d
Product Type,Books
Price (excl. tax),£59.99
Price (incl. tax),£59.99
Tax,£0.00
Availability,In stock (4 available)
Number of reviews,0
UPC,2b69d289279aabfd
Product Type,Books
Price (excl. tax),£12.87
Price (incl. tax),£12.87
Tax,£0.00
Availability,In stock (4 available)
Number of reviews,0
UPC,aaebac5fda798b1b
Product Type,Books
Price (excl. tax),£13.38
Price (incl. tax),£13.38
Tax,£0.00
Availability,In stock (4 available)
Number of reviews,0
UPC,fd8585283fc7d2d7
Product Type,Books
Price (excl. tax),£57.36
Price (incl. tax),£57.36
Tax,£0.00
Availability,In stock (15 available)
Number of reviews,0
UPC,077b635ff2afc578
Product Type,Books
Price (excl. tax),£13.86
Price (incl. tax),£13.86
Tax,£0.00
Availability,In stock (12 available)
Number of reviews,0
UPC,20dc4f1ac5d4fd9c
Product Type,Books
Price (excl. tax),£20.46
Price (incl. tax),£20.46
Tax,£0.00
Availability,In stock (11 available)
Number of reviews,0
UPC,b5953ca1f8a0b8d7
Product Type,Books
Price (excl. tax),£48.49
Price (incl. tax),£48.49
Tax,£0.00
Availability,In stock (11 available)
Number of reviews,0
UPC,725cd8d23d78cdca
Product Type,Books
Price (excl. tax),£43.58
Price (incl. tax),£43.58
Tax,£0.00
Availability,In stock (7 available)
Number of reviews,0
UPC,31f5bbf4974d29c9
Product Type,Books
Price (excl. tax),£13.73
Price (incl. tax),£13.73
Tax,£0.00
Availability,In stock (4 available)
Number of reviews,0
UPC,38199c5d7da0c0ef
Product Type,Books
Price (excl. tax),£48.39
Price (incl. tax),£48.39
Tax,£0.00
Availability,In stock (4 available)
Number of reviews,0
UPC,0812f54c93d726ce
Product Type,Books
Price (excl. tax),£21.94
Price (incl. tax),£21.94
Tax,£0.00
Availability,In stock (4 available)
Number of reviews,0
UPC,8ebad30219b8679c
Product Type,Books
Price (excl. tax),£42.80
Price (incl. tax),£42.80
Tax,£0.00
Availability,In stock (3 available)
Number of reviews,0
UPC,813cff2aefa5d1f0
Product Type,Books
Price (excl. tax),£45.75
Price (incl. tax),£45.75
Tax,£0.00
Availability,In stock (3 available)
Number of reviews,0
UPC,6263c1d2997b8ce0
Product Type,Books
Price (excl. tax),£52.53
Price (incl. tax),£52.53
Tax,£0.00
Availability,In stock (3 available)
Number of reviews,0
UPC,a6ab0cb7106a67f2
Product Type,Books
Price (excl. tax),£44.29
Price (incl. tax),£44.29
Tax,£0.00
Availability,In stock (3 available)
Number of reviews,0
UPC,ac27ab4bcd9c492e
Product Type,Books
Price (excl. tax),£48.96
Price (incl. tax),£48.96
Tax,£0.00
Availability,In stock (3 available)
Number of reviews,0
UPC,3fc9d51d1c4d6ba7
Product Type,Books
Price (excl. tax),£54.62
Price (incl. tax),£54.62
Tax,£0.00
Availability,In stock (3 available)
Number of reviews,0
UPC,6b32b561dab8036c
Product Type,Books
Price (excl. tax),£19.69
Price (incl. tax),£19.69
Tax,£0.00
Availability,In stock (3 available)
Number of reviews,0
UPC,29fc016c459aeb14
Product Type,Books
Price (excl. tax),£19.18
Price (incl. tax),£19.18
Tax,£0.00
Availability,In stock (1 available)
Number of reviews,0
UPC,a2b4b685dfa94733
Product Type,Books
Price (excl. tax),£29.82
Price (incl. tax),£29.82
Tax,£0.00
Availability,In stock (1 available)
Number of reviews,0
UPC,6957f44c3847a760
Product Type,Books
Price (excl. tax),£50.10
Price (incl. tax),£50.10
Tax,£0.00
Availability,In stock (20 available)
Number of reviews,0
UPC,b12b89017878a60d
Product Type,Books
Price (excl. tax),£47.61
Price (incl. tax),£47.61
Tax,£0.00
Availability,In stock (17 available)
Number of reviews,0
UPC,8d455c7539795d2a
Product Type,Books
Price (excl. tax),£50.27
Price (incl. tax),£50.27
Tax,£0.00
Availability,In stock (16 available)
Number of reviews,0
UPC,709822d0b5bcb7f4
Product Type,Books
Price (excl. tax),£17.27
Price (incl. tax),£17.27
Tax,£0.00
Availability,In stock (16 available)
Number of reviews,0
UPC,d01ac97e2b8947c2
Product Type,Books
Price (excl. tax),£54.11
Price (incl. tax),£54.11
Tax,£0.00
Availability,In stock (16 available)
Number of reviews,0
UPC,b8736690cf263a3c
Product Type,Books
Price (excl. tax),£21.04
Price (incl. tax),£21.04
Tax,£0.00
Availability,In stock (15 available)
Number of reviews,0
UPC,fd3a622648667296
Product Type,Books
Price (excl. tax),£42.15
Price (incl. tax),£42.15
Tax,£0.00
Availability,In stock (15 available)
Number of reviews,0
UPC,0651062381f0636a
Product Type,Books
Price (excl. tax),£51.36
Price (incl. tax),£51.36
Tax,£0.00
Availability,In stock (15 available)
Number of reviews,0
UPC,edb3097e71330040
Product Type,Books
Price (excl. tax),£53.53
Price (incl. tax),£53.53
Tax,£0.00
Availability,In stock (15 available)
Number of reviews,0
UPC,e9906e2f0d189745
Product Type,Books
Price (excl. tax),£27.88
Price (incl. tax),£27.88
Tax,£0.00
Availability,In stock (14 available)
Number of reviews,0
UPC,081305e6df719dff
Product Type,Books
Price (excl. tax),£52.67
Price (incl. tax),£52.67
Tax,£0.00
Availability,In stock (14 available)
Number of reviews,0
UPC,a86972014275e072
Product Type,Books
Price (excl. tax),£25.85
Price (incl. tax),£25.85
Tax,£0.00
Availability,In stock (14 available)
Number of reviews,0
UPC,2c04320e110a14a3
Product Type,Books
Price (excl. tax),£45.21
Price (incl. tax),£45.21
Tax,£0.00
Availability,In stock (14 available)
Number of reviews,0
UPC,fe44cc816576c652
Product Type,Books
Price (excl. tax),£26.41
Price (incl. tax),£26.41
Tax,£0.00
Availability,In stock (14 available)
Number of reviews,0
UPC,830fb3967c74866d
Product Type,Books
Price (excl. tax),£55.84
Price (incl. tax),£55.84
Tax,£0.00
Availability,In stock (14 available)
Number of reviews,0
UPC,727bf2b86b19ad88
Product Type,Books
Price (excl. tax),£41.56
Price (incl. tax),£41.56
Tax,£0.00
Availability,In stock (14 available)
Number of reviews,0
UPC,cc82685d9f49bc2c
Product Type,Books
Price (excl. tax),£24.48
Price (incl. tax),£24.48
Tax,£0.00
Availability,In stock (14 available)
Number of reviews,0
UPC,caa2e5b3fb1b2d4c
Product Type,Books
Price (excl. tax),£28.90
Price (incl. tax),£28.90
Tax,£0.00
Availability,In stock (14 available)
Number of reviews,0
UPC,aeff7b87a8e83ebb
Product Type,Books
Price (excl. tax),£10.60
Price (incl. tax),£10.60
Tax,£0.00
Availability,In stock (14 available)
Number of reviews,0
UPC,9eaf58b03a2779cc
Product Type,Books
Price (excl. tax),£27.09
Price (incl. tax),£27.09
Tax,£0.00
Availability,In stock (14 available)
Number of reviews,0
UPC,9528d0948525bf5f
Product Type,Books
Price (excl. tax),£54.64
Price (incl. tax),£54.64
Tax,£0.00
Availability,In stock (19 available)
Number of reviews,0
UPC,9f6568e9c95f60b0
Product Type,Books
Price (excl. tax),£36.89
Price (incl. tax),£36.89
Tax,£0.00
Availability,In stock (18 available)
Number of reviews,0
UPC,b5ea0b5dabed25a8
Product Type,Books
Price (excl. tax),£56.13
Price (incl. tax),£56.13
Tax,£0.00
Availability,In stock (16 available)
Number of reviews,0
UPC,37c0cb19713d8dda
Product Type,Books
Price (excl. tax),£58.08
Price (incl. tax),£58.08
Tax,£0.00
Availability,In stock (15 available)
Number of reviews,0
UPC,4aa03792b50f0b22
Product Type,Books
Price (excl. tax),£13.47
Price (incl. tax),£13.47
Tax,£0.00
Availability,In stock (15 available)
Number of reviews,0
UPC,6a31307a81e8f3a8
Product Type,Books
Price (excl. tax),£12.96
Price (incl. tax),£12.96
Tax,£0.00
Availability,In stock (14 available)
Number of reviews,0
UPC,1d6443ffba9dfd80
Product Type,Books
Price (excl. tax),£22.08
Price (incl. tax),£22.08
Tax,£0.00
Availability,In stock (14 available)
Number of reviews,0
UPC,a6454e329f872b78
Product Type,Books
Price (excl. tax),£23.57
Price (incl. tax),£23.57
Tax,£0.00
Availability,In stock (14 available)
Number of reviews,0
UPC,e34efcc824685332
Product Type,Books
Price (excl. tax),£18.28
Price (incl. tax),£18.28
Tax,£0.00
Availability,In stock (14 available)
Number of reviews,0
UPC,5b43cae640f2338a
Product Type,Books
Price (excl. tax),£53.95
Price (incl. tax),£53.95
Tax,£0.00
Availability,In stock (14 available)
Number of reviews,0
UPC,913e7109cec0cb4c
Product Type,Books
Price (excl. tax),£25.08
Price (incl. tax),£25.08
Tax,£0.00
Availability,In stock (9 available)
Number of reviews,0
UPC,0ff9d10864db8364
Product Type,Books
Price (excl. tax),£35.96
Price (incl. tax),£35.96
Tax,£0.00
Availability,In stock (7 available)
Number of reviews,0
UPC,9639e89d20228e6e
Product Type,Books
Price (excl. tax),£52.87
Price (incl. tax),£52.87
Tax,£0.00
Availability,In stock (7 available)
Number of reviews,0
UPC,31c56c4d0fe19340
Product Type,Books
Price (excl. tax),£34.41
Price (incl. tax),£34.41
Tax,£0.00
Availability,In stock (7 available)
Number of reviews,0
UPC,68008abf6409dfde
Product Type,Books
Price (excl. tax),£32.38
Price (incl. tax),£32.38
Tax,£0.00
Availability,In stock (7 available)
Number of reviews,0
UPC,81c68492ccd72941
Product Type,Books
Price (excl. tax),£22.54
Price (incl. tax),£22.54
Tax,£0.00
Availability,In stock (5 available)
Number of reviews,0
UPC,75fed6a47f69859d
Product Type,Books
Price (excl. tax),£56.07
Price (incl. tax),£56.07
Tax,£0.00
Availability,In stock (3 available)
Number of reviews,0
UPC,3d15714d4d3d15dd
Product Type,Books
Price (excl. tax),£48.77
Price (incl. tax),£48.77
Tax,£0.00
Availability,In stock (3 available)
Number of reviews,0
UPC,cf2f27fdf94ba20e
Product Type,Books
Price (excl. tax),£43.59
Price (incl. tax),£43.59
Tax,£0.00
Availability,In stock (3 available)
Number of reviews,0
UPC,b22362b434e8ee62
Product Type,Books
Price (excl. tax),£26.33
Price (incl. tax),£26.33
Tax,£0.00
Availability,In stock (3 available)
Number of reviews,0
UPC,fce19f9b4a943f22
Product Type,Books
Price (excl. tax),£37.97
Price (incl. tax),£37.97
Tax,£0.00
Availability,In stock (16 available)
Number of reviews,0
UPC,796c87ddbbaaf8c5
Product Type,Books
Price (excl. tax),£21.87
Price (incl. tax),£21.87
Tax,£0.00
Availability,In stock (15 available)
Number of reviews,0
UPC,eec424a84c9e4c68
Product Type,Books
Price (excl. tax),£30.03
Price (incl. tax),£30.03
Tax,£0.00
Availability,In stock (14 available)
Number of reviews,0
UPC,3f25a2fedae191cc
Product Type,Books
Price (excl. tax),£24.57
Price (incl. tax),£24.57
Tax,£0.00
Availability,In stock (9 available)
Number of reviews,0
UPC,d12ca4020c2f602e
Product Type,Books
Price (excl. tax),£27.62
Price (incl. tax),£27.62
Tax,£0.00
Availability,In stock (4 available)
Number of reviews,0
UPC,f3a0b8c835129558
Product Type,Books
Price (excl. tax),£57.49
Price (incl. tax),£57.49
Tax,£0.00
Availability,In stock (1 available)
Number of reviews,0
UPC,a812f6969ddf3e39
Product Type,Books
Price (excl. tax),£28.42
Price (incl. tax),£28.42
Tax,£0.00
Availability,In stock (1 available)
Number of reviews,0
UPC,4c28def39d850cdf
Product Type,Books
Price (excl. tax),£40.30
Price (incl. tax),£40.30
Tax,£0.00
Availability,In stock (18 available)
Number of reviews,0
UPC,3c039985229453bf
Product Type,Books
Price (excl. tax),£31.05
Price (incl. tax),£31.05
Tax,£0.00
Availability,In stock (18 available)
Number of reviews,0
UPC,c8f7f0cb1abb9cac
Product Type,Books
Price (excl. tax),£26.41
Price (incl. tax),£26.41
Tax,£0.00
Availability,In stock (17 available)
Number of reviews,0
UPC,c27f6e1f185b0383
Product Type,Books
Price (excl. tax),£23.11
Price (incl. tax),£23.11
Tax,£0.00
Availability,In stock (17 available)
Number of reviews,0
UPC,d170b5a0da46380e
Product Type,Books
Price (excl. tax),£44.18
Price (incl. tax),£44.18
Tax,£0.00
Availability,In stock (16 available)
Number of reviews,0
UPC,7858914fad68493c
Product Type,Books
Price (excl. tax),£31.12
Price (incl. tax),£31.12
Tax,£0.00
Availability,In stock (16 available)
Number of reviews,0
UPC,0da9aa9d24677fc0
Product Type,Books
Price (excl. tax),£16.77
Price (incl. tax),£16.77
Tax,£0.00
Availability,In stock (16 available)
Number of reviews,0
UPC,acd86a5426e21ca0
Product Type,Books
Price (excl. tax),£37.13
Price (incl. tax),£37.13
Tax,£0.00
Availability,In stock (16 available)
Number of reviews,0
UPC,a30b270e25489e5c
Product Type,Books
Price (excl. tax),£56.06
Price (incl. tax),£56.06
Tax,£0.00
Availability,In stock (16 available)
Number of reviews,0
UPC,87b0615b6e1f4d7b
Product Type,Books
Price (excl. tax),£41.83
Price (incl. tax),£41.83
Tax,£0.00
Availability,In stock (16 available)
Number of reviews,0
UPC,d7310206583a54b6
Product Type,Books
Price (excl. tax),£19.83
Price (incl. tax),£19.83
Tax,£0.00
Availability,In stock (16 available)
Number of reviews,0
UPC,b136b1b180ca753a
Product Type,Books
Price (excl. tax),£22.00
Price (incl. tax),£22.00
Tax,£0.00
Availability,In stock (16 available)
Number of reviews,0
UPC,311c0dd0e354a33e
Product Type,Books
Price (excl. tax),£54.35
Price (incl. tax),£54.35
Tax,£0.00
Availability,In stock (16 available)
Number of reviews,0
UPC,bee3672891cca906
Product Type,Books
Price (excl. tax),£29.14
Price (incl. tax),£29.14
Tax,£0.00
Availability,In stock (16 available)
Number of reviews,0
UPC,38d45839cb1c83c1
Product Type,Books
Price (excl. tax),£30.81
Price (incl. tax),£30.81
Tax,£0.00
Availability,In stock (16 available)
Number of reviews,0
UPC,8ec14b1576cb7cb5
Product Type,Books
Price (excl. tax),£43.54
Price (incl. tax),£43.54
Tax,£0.00
Availability,In stock (15 available)
Number of reviews,0
UPC,209adad1015af86f
Product Type,Books
Price (excl. tax),£38.21
Price (incl. tax),£38.21
Tax,£0.00
Availability,In stock (15 available)
Number of reviews,0
UPC,42d0d7c92b75fc1c
Product Type,Books
Price (excl. tax),£17.24
Price (incl. tax),£17.24
Tax,£0.00
Availability,In stock (15 available)
Number of reviews,0
UPC,dd047728de72ad62
Product Type,Books
Price (excl. tax),£38.49
Price (incl. tax),£38.49
Tax,£0.00
Availability,In stock (15 available)
Number of reviews,0
UPC,1b33663ad7b95fd8
Product Type,Books
Price (excl. tax),£12.23
Price (incl. tax),£12.23
Tax,£0.00
Availability,In stock (15 available)
Number of reviews,0
UPC,a34ba96d4081e6a4
Product Type,Books
Price (excl. tax),£35.02
Price (incl. tax),£35.02
Tax,£0.00
Availability,In stock (19 available)
Number of reviews,0
UPC,deda3e61b9514b83
Product Type,Books
Price (excl. tax),£57.25
Price (incl. tax),£57.25
Tax,£0.00
Availability,In stock (19 available)
Number of reviews,0
UPC,327f68a59745c102
Product Type,Books
Price (excl. tax),£37.32
Price (incl. tax),£37.32
Tax,£0.00
Availability,In stock (19 available)
Number of reviews,0
UPC,adb5f51c2e2ab13f
Product Type,Books
Price (excl. tax),£18.03
Price (incl. tax),£18.03
Tax,£0.00
Availability,In stock (14 available)
Number of reviews,0
UPC,4a823d80aa30dbb0
Product Type,Books
Price (excl. tax),£31.19
Price (incl. tax),£31.19
Tax,£0.00
Availability,In stock (8 available)
Number of reviews,0
UPC,39eefec3a8498dde
Product Type,Books
Price (excl. tax),£45.05
Price (incl. tax),£45.05
Tax,£0.00
Availability,In stock (8 available)
Number of reviews,0
UPC,4781b6bfd6f7a2c5
Product Type,Books
Price (excl. tax),£52.60
Price (incl. tax),£52.60
Tax,£0.00
Availability,In stock (7 available)
Number of reviews,0
UPC,bc209a900101f28d
Product Type,Books
Price (excl. tax),£38.40
Price (incl. tax),£38.40
Tax,£0.00
Availability,In stock (5 available)
Number of reviews,0
UPC,2ba5ccc84d35006c
Product Type,Books
Price (excl. tax),£12.36
Price (incl. tax),£12.36
Tax,£0.00
Availability,In stock (4 available)
Number of reviews,0
UPC,3a95f5a2df4ff921
Product Type,Books
Price (excl. tax),£20.02
Price (incl. tax),£20.02
Tax,£0.00
Availability,In stock (4 available)
Number of reviews,0
UPC,637e5a45062aa548
Product Type,Books
Price (excl. tax),£31.58
Price (incl. tax),£31.58
Tax,£0.00
Availability,In stock (2 available)
Number of reviews,0
UPC,a1985630339f4b3d
Product Type,Books
Price (excl. tax),£55.66
Price (incl. tax),£55.66
Tax,£0.00
Availability,In stock (1 available)
Number of reviews,0
UPC,e564c3f1a93ccf2e
Product Type,Books
Price (excl. tax),£28.80
Price (incl. tax),£28.80
Tax,£0.00
Availability,In stock (1 available)
Number of reviews,0
UPC,e72a5dfc7e9267b2
Product Type,Books
Price (excl. tax),£17.93
Price (incl. tax),£17.93
Tax,£0.00
Availability,In stock (19 available)
Number of reviews,0
UPC,e10e1e165dc8be4a
Product Type,Books
Price (excl. tax),£22.60
Price (incl. tax),£22.60
Tax,£0.00
Availability,In stock (19 available)
Number of reviews,0
UPC,0312262ecafa5a40
Product Type,Books
Price (excl. tax),£13.99
Price (incl. tax),£13.99
Tax,£0.00
Availability,In stock (19 available)
Number of reviews,0
UPC,c7d160c2c0de586f
Product Type,Books
Price (excl. tax),£22.50
Price (incl. tax),£22.50
Tax,£0.00
Availability,In stock (19 available)
Number of reviews,0
UPC,904208d6aa64b655
Product Type,Books
Price (excl. tax),£53.13
Price (incl. tax),£53.13
Tax,£0.00
Availability,In stock (19 available)
Number of reviews,0
UPC,668fe56b17cfcd4f
Product Type,Books
Price (excl. tax),£33.29
Price (incl. tax),£33.29
Tax,£0.00
Availability,In stock (18 available)
Number of reviews,0
UPC,094b269567e1c300
Product Type,Books
Price (excl. tax),£18.02
Price (incl. tax),£18.02
Tax,£0.00
Availability,In stock (18 available)
Number of reviews,0
UPC,8c9e6bf2467d740d
Product Type,Books
Price (excl. tax),£20.59
Price (incl. tax),£20.59
Tax,£0.00
Availability,In stock (16 available)
Number of reviews,0
UPC,e6af5bf1163c1151
Product Type,Books
Price (excl. tax),£39.58
Price (incl. tax),£39.58
Tax,£0.00
Availability,In stock (16 available)
Number of reviews,0
UPC,74baabfc8fd84b38
Product Type,Books
Price (excl. tax),£49.46
Price (incl. tax),£49.46
Tax,£0.00
Availability,In stock (16 available)
Number of reviews,0
UPC,70ed59f194b3c556
Product Type,Books
Price (excl. tax),£42.95
Price (incl. tax),£42.95
Tax,£0.00
Availability,In stock (16 available)
Number of reviews,0
UPC,8a380641491d43ed
Product Type,Books
Price (excl. tax),£56.76
Price (incl. tax),£56.76
Tax,£0.00
Availability,In stock (16 available)
Number of reviews,0
UPC,d7d6d50c1e3d0b81
Product Type,Books
Price (excl. tax),£41.60
Price (incl. tax),£41.60
Tax,£0.00
Availability,In stock (15 available)
Number of reviews,0
UPC,bc2a85fd35fdc7bd
Product Type,Books
Price (excl. tax),£52.72
Price (incl. tax),£52.72
Tax,£0.00
Availability,In stock (15 available)
Number of reviews,0
UPC,961f18db4f138211
Product Type,Books
Price (excl. tax),£27.37
Price (incl. tax),£27.37
Tax,£0.00
Availability,In stock (15 available)
Number of reviews,0
UPC,e98a4efa85070c2f
Product Type,Books
Price (excl. tax),£36.00
Price (incl. tax),£36.00
Tax,£0.00
Availability,In stock (15 available)
Number of reviews,0
UPC,eac1a180047ad54e
Product Type,Books
Price (excl. tax),£41.82
Price (incl. tax),£41.82
Tax,£0.00
Availability,In stock (15 available)
Number of reviews,0
UPC,e956d67c9bcc5809
Product Type,Books
Price (excl. tax),£55.02
Price (incl. tax),£55.02
Tax,£0.00
Availability,In stock (15 available)
Number of reviews,0
UPC,d6670dfe3e7b42bd
Product Type,Books
Price (excl. tax),£23.15
Price (incl. tax),£23.15
Tax,£0.00
Availability,In stock (15 available)
Number of reviews,0
UPC,efc3768127714ec3
Product Type,Books
Price (excl. tax),£32.00
Price (incl. tax),£32.00
Tax,£0.00
Availability,In stock (15 available)
Number of reviews,0
UPC,e30f54cea9b38190
Product Type,Books
Price (excl. tax),£37.59
Price (incl. tax),£37.59
Tax,£0.00
Availability,In stock (19 available)
Number of reviews,0
UPC,18ad3ed896c7ce05
Product Type,Books
Price (excl. tax),£35.67
Price (incl. tax),£35.67
Tax,£0.00
Availability,In stock (16 available)
Number of reviews,0
UPC,9270575728a13a61
Product Type,Books
Price (excl. tax),£43.30
Price (incl. tax),£43.30
Tax,£0.00
Availability,In stock (15 available)
Number of reviews,0
UPC,790ef197c8f236f5
Product Type,Books
Price (excl. tax),£10.65
Price (incl. tax),£10.65
Tax,£0.00
Availability,In stock (15 available)
Number of reviews,0
UPC,2a70769cdc6eb8b8
Product Type,Books
Price (excl. tax),£26.12
Price (incl. tax),£26.12
Tax,£0.00
Availability,In stock (15 available)
Number of reviews,0
UPC,f435aa99d864077d
Product Type,Books
Price (excl. tax),£48.74
Price (incl. tax),£48.74
Tax,£0.00
Availability,In stock (11 available)
Number of reviews,0
UPC,2c34f9432069b52b
Product Type,Books
Price (excl. tax),£21.36
Price (incl. tax),£21.36
Tax,£0.00
Availability,In stock (11 available)
Number of reviews,0
UPC,3fc124f59f3068e4
Product Type,Books
Price (excl. tax),£32.42
Price (incl. tax),£32.42
Tax,£0.00
Availability,In stock (5 available)
Number of reviews,0
UPC,0e92ccf1bd39e68f
Product Type,Books
Price (excl. tax),£10.92
Price (incl. tax),£10.92
Tax,£0.00
Availability,In stock (3 available)
Number of reviews,0
UPC,2ef5dc7e278e562a
Product Type,Books
Price (excl. tax),£19.07
Price (incl. tax),£19.07
Tax,£0.00
Availability,In stock (3 available)
Number of reviews,0
UPC,4b3f4f151c99f472
Product Type,Books
Price (excl. tax),£33.26
Price (incl. tax),£33.26
Tax,£0.00
Availability,In stock (3 available)
Number of reviews,0
UPC,36d5884d44484277
Product Type,Books
Price (excl. tax),£54.86
Price (incl. tax),£54.86
Tax,£0.00
Availability,In stock (3 available)
Number of reviews,0
UPC,98330e431e56a9ea
Product Type,Books
Price (excl. tax),£51.48
Price (incl. tax),£51.48
Tax,£0.00
Availability,In stock (3 available)
Number of reviews,0
UPC,460f97a346b44bac
Product Type,Books
Price (excl. tax),£44.18
Price (incl. tax),£44.18
Tax,£0.00
Availability,In stock (1 available)
Number of reviews,0
UPC,16c71736dae78764
Product Type,Books
Price (excl. tax),£36.26
Price (incl. tax),£36.26
Tax,£0.00
Availability,In stock (1 available)
Number of reviews,0
UPC,6717a70913b3db79
Product Type,Books
Price (excl. tax),£34.96
Price (incl. tax),£34.96
Tax,£0.00
Availability,In stock (1 available)
Number of reviews,0
UPC,08decd9664e5d56e
Product Type,Books
Price (excl. tax),£44.84
Price (incl. tax),£44.84
Tax,£0.00
Availability,In stock (3 available)
Number of reviews,0
UPC,a9aa3ed5b316470b
Product Type,Books
Price (excl. tax),£51.22
Price (incl. tax),£51.22
Tax,£0.00
Availability,In stock (3 available)
Number of reviews,0
UPC,ce42e3de94226b2b
Product Type,Books
Price (excl. tax),£24.42
Price (incl. tax),£24.42
Tax,£0.00
Availability,In stock (2 available)
Number of reviews,0
UPC,132adf7335bb384a
Product Type,Books
Price (excl. tax),£44.91
Price (incl. tax),£44.91
Tax,£0.00
Availability,In stock (1 available)
Number of reviews,0
UPC,3455b45888fb5053
Product Type,Books
Price (excl. tax),£40.44
Price (incl. tax),£40.44
Tax,£0.00
Availability,In stock (1 available)
Number of reviews,0
UPC,4eed62cf5f8d8edf
Product Type,Books
Price (excl. tax),£19.09
Price (incl. tax),£19.09
Tax,£0.00
Availability,In stock (16 available)
Number of reviews,0
UPC,31075275518532d7
Product Type,Books
Price (excl. tax),£23.89
Price (incl. tax),£23.89
Tax,£0.00
Availability,In stock (16 available)
Number of reviews,0
UPC,80cfab6bcff3a244
Product Type,Books
Price (excl. tax),£40.76
Price (incl. tax),£40.76
Tax,£0.00
Availability,In stock (16 available)
Number of reviews,0
UPC,b757c0c361e689ce
Product Type,Books
Price (excl. tax),£14.07
Price (incl. tax),£14.07
Tax,£0.00
Availability,In stock (16 available)
Number of reviews,0
UPC,228f74b74f3a08ae
Product Type,Books
Price (excl. tax),£53.90
Price (incl. tax),£53.90
Tax,£0.00
Availability,In stock (16 available)
Number of reviews,0
UPC,0c27e6c3744fc14b
Product Type,Books
Price (excl. tax),£29.06
Price (incl. tax),£29.06
Tax,£0.00
Availability,In stock (15 available)
Number of reviews,0
UPC,caf4fe9311f1dc59
Product Type,Books
Price (excl. tax),£28.26
Price (incl. tax),£28.26
Tax,£0.00
Availability,In stock (15 available)
Number of reviews,0
UPC,6875c5657661b2fb
Product Type,Books
Price (excl. tax),£25.91
Price (incl. tax),£25.91
Tax,£0.00
Availability,In stock (14 available)
Number of reviews,0
UPC,e88fb1c9397cfb27
Product Type,Books
Price (excl. tax),£37.40
Price (incl. tax),£37.40
Tax,£0.00
Availability,In stock (14 available)
Number of reviews,0
UPC,f72f61ad6a5f12ed
Product Type,Books
Price (excl. tax),£40.67
Price (incl. tax),£40.67
Tax,£0.00
Availability,In stock (14 available)
Number of reviews,0
UPC,3d76bc83c6b644c9
Product Type,Books
Price (excl. tax),£48.78
Price (incl. tax),£48.78
Tax,£0.00
Availability,In stock (14 available)
Number of reviews,0
UPC,47d47155e89c8be7
Product Type,Books
Price (excl. tax),£37.61
Price (incl. tax),£37.61
Tax,£0.00
Availability,In stock (14 available)
Number of reviews,0
UPC,33a3e0e3ffde0dcd
Product Type,Books
Price (excl. tax),£22.13
Price (incl. tax),£22.13
Tax,£0.00
Availability,In stock (14 available)
Number of reviews,0
UPC,bfbb54bc8cdeed2b
Product Type,Books
Price (excl. tax),£20.29
Price (incl. tax),£20.29
Tax,£0.00
Availability,In stock (14 available)
Number of reviews,0
UPC,1fbb5f786e53a0ce
Product Type,Books
Price (excl. tax),£34.20
Price (incl. tax),£34.20
Tax,£0.00
Availability,In stock (14 available)
Number of reviews,0
UPC,c1379d3744f1dd2c
Product Type,Books
Price (excl. tax),£56.48
Price (incl. tax),£56.48
Tax,£0.00
Availability,In stock (14 available)
Number of reviews,0
UPC,1ad06aed9349af46
Product Type,Books
Price (excl. tax),£40.79
Price (incl. tax),£40.79
Tax,£0.00
Availability,In stock (14 available)
Number of reviews,0
UPC,01a177623cce9596
Product Type,Books
Price (excl. tax),£55.51
Price (incl. tax),£55.51
Tax,£0.00
Availability,In stock (14 available)
Number of reviews,0
UPC,44d97b6707dae3f0
Product Type,Books
Price (excl. tax),£37.86
Price (incl. tax),£37.86
Tax,£0.00
Availability,In stock (13 available)
Number of reviews,0
UPC,14e44163678e24dc
Product Type,Books
Price (excl. tax),£26.20
Price (incl. tax),£26.20
Tax,£0.00
Availability,In stock (12 available)
Number of reviews,0
UPC,7ae099f3898e0209
Product Type,Books
Price (excl. tax),£18.78
Price (incl. tax),£18.78
Tax,£0.00
Availability,In stock (16 available)
Number of reviews,0
UPC,c849f0b2f5d6a742
Product Type,Books
Price (excl. tax),£25.02
Price (incl. tax),£25.02
Tax,£0.00
Availability,In stock (16 available)
Number of reviews,0
UPC,0e691eda369f4e09
Product Type,Books
Price (excl. tax),£13.34
Price (incl. tax),£13.34
Tax,£0.00
Availability,In stock (16 available)
Number of reviews,0
UPC,fa9610a50a1bf149
Product Type,Books
Price (excl. tax),£56.40
Price (incl. tax),£56.40
Tax,£0.00
Availability,In stock (16 available)
Number of reviews,0
UPC,7267864328ae8b9d
Product Type,Books
Price (excl. tax),£43.29
Price (incl. tax),£43.29
Tax,£0.00
Availability,In stock (16 available)
Number of reviews,0
UPC,6d5300b2d8f37e07
Product Type,Books
Price (excl. tax),£28.09
Price (incl. tax),£28.09
Tax,£0.00
Availability,In stock (16 available)
Number of reviews,0
UPC,01d2001ac1e6f8a3
Product Type,Books
Price (excl. tax),£52.37
Price (incl. tax),£52.37
Tax,£0.00
Availability,In stock (16 available)
Number of reviews,0
UPC,590a9cccf7db9f7d
Product Type,Books
Price (excl. tax),£35.07
Price (incl. tax),£35.07
Tax,£0.00
Availability,In stock (15 available)
Number of reviews,0
UPC,2dbb7ec08cdd7f3c
Product Type,Books
Price (excl. tax),£44.28
Price (incl. tax),£44.28
Tax,£0.00
Availability,In stock (15 available)
Number of reviews,0
UPC,4ce91d31c1e57c33
Product Type,Books
Price (excl. tax),£42.98
Price (incl. tax),£42.98
Tax,£0.00
Availability,In stock (15 available)
Number of reviews,0
UPC,1528279aec1f3dce
Product Type,Books
Price (excl. tax),£46.02
Price (incl. tax),£46.02
Tax,£0.00
Availability,In stock (14 available)
Number of reviews,0
UPC,992974ba6a0536ea
Product Type,Books
Price (excl. tax),£52.26
Price (incl. tax),£52.26
Tax,£0.00
Availability,In stock (14 available)
Number of reviews,0
UPC,dc6f688b82e42a5b
Product Type,Books
Price (excl. tax),£44.73
Price (incl. tax),£44.73
Tax,£0.00
Availability,In stock (14 available)
Number of reviews,0
UPC,2b52334fab158861
Product Type,Books
Price (excl. tax),£29.65
Price (incl. tax),£29.65
Tax,£0.00
Availability,In stock (14 available)
Number of reviews,0
UPC,3c6fe637a0180b01
Product Type,Books
Price (excl. tax),£37.51
Price (incl. tax),£37.51
Tax,£0.00
Availability,In stock (14 available)
Number of reviews,0
UPC,966ebb738e0f9d9b
Product Type,Books
Price (excl. tax),£56.02
Price (incl. tax),£56.02
Tax,£0.00
Availability,In stock (14 available)
Number of reviews,0
UPC,2f0213137a80d485
Product Type,Books
Price (excl. tax),£38.73
Price (incl. tax),£38.73
Tax,£0.00
Availability,In stock (13 available)
Number of reviews,0
UPC,4a7a25be293ad678
Product Type,Books
Price (excl. tax),£32.30
Price (incl. tax),£32.30
Tax,£0.00
Availability,In stock (12 available)
Number of reviews,0
UPC,63d5f1651880dcea
Product Type,Books
Price (excl. tax),£56.63
Price (incl. tax),£56.63
Tax,£0.00
Availability,In stock (9 available)
Number of reviews,0
UPC,4c82371b8cd02d4d
Product Type,Books
Price (excl. tax),£39.61
Price (incl. tax),£39.61
Tax,£0.00
Availability,In stock (7 available)
Number of reviews,0
UPC,acddfeab2a407640
Product Type,Books
Price (excl. tax),£45.07
Price (incl. tax),£45.07
Tax,£0.00
Availability,In stock (16 available)
Number of reviews,0
UPC,99ff4cc6491e8f5c
Product Type,Books
Price (excl. tax),£43.29
Price (incl. tax),£43.29
Tax,£0.00
Availability,In stock (15 available)
Number of reviews,0
UPC,08db62f24627e71f
Product Type,Books
Price (excl. tax),£55.85
Price (incl. tax),£55.85
Tax,£0.00
Availability,In stock (15 available)
Number of reviews,0
UPC,6e473eff459e809f
Product Type,Books
Price (excl. tax),£36.29
Price (incl. tax),£36.29
Tax,£0.00
Availability,In stock (1 available)
Number of reviews,0
UPC,c068c013d6921fea
Product Type,Books
Price (excl. tax),£58.35
Price (incl. tax),£58.35
Tax,£0.00
Availability,In stock (1 available)
Number of reviews,0
UPC,b6f1cfadc4dd79d4
Product Type,Books
Price (excl. tax),£39.45
Price (incl. tax),£39.45
Tax,£0.00
Availability,In stock (1 available)
Number of reviews,0
UPC,f77dbf2323deb740
Product Type,Books
Price (excl. tax),£22.65
Price (incl. tax),£22.65
Tax,£0.00
Availability,In stock (19 available)
Number of reviews,0
UPC,ce6396b0f23f6ecc
Product Type,Books
Price (excl. tax),£17.46
Price (incl. tax),£17.46
Tax,£0.00
Availability,In stock (19 available)
Number of reviews,0
UPC,cedf82b5086e4691
Product Type,Books
Price (excl. tax),£45.22
Price (incl. tax),£45.22
Tax,£0.00
Availability,In stock (16 available)
Number of reviews,0
UPC,3c346ab1e76ae1f6
Product Type,Books
Price (excl. tax),£14.86
Price (incl. tax),£14.86
Tax,£0.00
Availability,In stock (16 available)
Number of reviews,0
UPC,5ceb951f629700a2
Product Type,Books
Price (excl. tax),£28.81
Price (incl. tax),£28.81
Tax,£0.00
Availability,In stock (16 available)
Number of reviews,0
UPC,842790dfaa937484
Product Type,Books
Price (excl. tax),£28.13
Price (incl. tax),£28.13
Tax,£0.00
Availability,In stock (16 available)
Number of reviews,0
UPC,1c929cfd16b71907
Product Type,Books
Price (excl. tax),£43.55
Price (incl. tax),£43.55
Tax,£0.00
Availability,In stock (15 available)
Number of reviews,0
UPC,50b8f80311b31ede
Product Type,Books
Price (excl. tax),£38.28
Price (incl. tax),£38.28
Tax,£0.00
Availability,In stock (15 available)
Number of reviews,0
UPC,ba54932df84e8cea
Product Type,Books
Price (excl. tax),£48.56
Price (incl. tax),£48.56
Tax,£0.00
Availability,In stock (15 available)
Number of reviews,0
UPC,116a2fdc9a45bab0
Product Type,Books
Price (excl. tax),£29.99
Price (incl. tax),£29.99
Tax,£0.00
Availability,In stock (15 available)
Number of reviews,0
UPC,3fb15ace50d6142b
Product Type,Books
Price (excl. tax),£14.36
Price (incl. tax),£14.36
Tax,£0.00
Availability,In stock (14 available)
Number of reviews,0
UPC,aba2db9afb1469c7
Product Type,Books
Price (excl. tax),£46.31
Price (incl. tax),£46.31
Tax,£0.00
Availability,In stock (14 available)
Number of reviews,0
UPC,f0f38174a7e689a3
Product Type,Books
Price (excl. tax),£27.12
Price (incl. tax),£27.12
Tax,£0.00
Availability,In stock (14 available)
Number of reviews,0
UPC,6edacfd1f8ebb9eb
Product Type,Books
Price (excl. tax),£35.35
Price (incl. tax),£35.35
Tax,£0.00
Availability,In stock (14 available)
Number of reviews,0
UPC,137b0b2775701e11
Product Type,Books
Price (excl. tax),£40.36
Price (incl. tax),£40.36
Tax,£0.00
Availability,In stock (14 available)
Number of reviews,0
UPC,ad2887ce04583910
Product Type,Books
Price (excl. tax),£55.35
Price (incl. tax),£55.35
Tax,£0.00
Availability,In stock (14 available)
Number of reviews,0
UPC,e2e7b683b4c15b7d
Product Type,Books
Price (excl. tax),£50.83
Price (incl. tax),£50.83
Tax,£0.00
Availability,In stock (14 available)
Number of reviews,0
UPC,41164b8ac02a2c42
Product Type,Books
Price (excl. tax),£58.14
Price (incl. tax),£58.14
Tax,£0.00
Availability,In stock (14 available)
Number of reviews,0
UPC,f732d7d18a91d2ba
Product Type,Books
Price (excl. tax),£14.44
Price (incl. tax),£14.44
Tax,£0.00
Availability,In stock (12 available)
Number of reviews,0
UPC,b63ea3f7a57ae099
Product Type,Books
Price (excl. tax),£48.05
Price (incl. tax),£48.05
Tax,£0.00
Availability,In stock (12 available)
Number of reviews,0
UPC,aadee1c326d286e3
Product Type,Books
Price (excl. tax),£42.96
Price (incl. tax),£42.96
Tax,£0.00
Availability,In stock (16 available)
Number of reviews,0
UPC,e4f74c16de34d440
Product Type,Books
Price (excl. tax),£57.36
Price (incl. tax),£57.36
Tax,£0.00
Availability,In stock (16 available)
Number of reviews,0
UPC,3edcccc4f341fb1a
Product Type,Books
Price (excl. tax),£44.74
Price (incl. tax),£44.74
Tax,£0.00
Availability,In stock (14 available)
Number of reviews,0
UPC,148715df5a02ea5e
Product Type,Books
Price (excl. tax),£37.55
Price (incl. tax),£37.55
Tax,£0.00
Availability,In stock (12 available)
Number of reviews,0
UPC,ca74f2e3c35a3e77
Product Type,Books
Price (excl. tax),£55.91
Price (incl. tax),£55.91
Tax,£0.00
Availability,In stock (9 available)
Number of reviews,0
UPC,0c11e2d068768dbb
Product Type,Books
Price (excl. tax),£28.41
Price (incl. tax),£28.41
Tax,£0.00
Availability,In stock (8 available)
Number of reviews,0
UPC,0345872b14f9e774
Product Type,Books
Price (excl. tax),£10.01
Price (incl. tax),£10.01
Tax,£0.00
Availability,In stock (7 available)
Number of reviews,0
UPC,3213b1f13f5f0f7c
Product Type,Books
Price (excl. tax),£13.76
Price (incl. tax),£13.76
Tax,£0.00
Availability,In stock (5 available)
Number of reviews,0
UPC,6036239d2ab349b7
Product Type,Books
Price (excl. tax),£16.28
Price (incl. tax),£16.28
Tax,£0.00
Availability,In stock (5 available)
Number of reviews,0
UPC,c6bf14cb901c63ac
Product Type,Books
Price (excl. tax),£13.03
Price (incl. tax),£13.03
Tax,£0.00
Availability,In stock (3 available)
Number of reviews,0
UPC,63c0826ef59eae66
Product Type,Books
Price (excl. tax),£57.35
Price (incl. tax),£57.35
Tax,£0.00
Availability,In stock (3 available)
Number of reviews,0
UPC,61002f3b7ba5d780
Product Type,Books
Price (excl. tax),£25.83
Price (incl. tax),£25.83
Tax,£0.00
Availability,In stock (3 available)
Number of reviews,0
UPC,281a244ce1954711
Product Type,Books
Price (excl. tax),£30.60
Price (incl. tax),£30.60
Tax,£0.00
Availability,In stock (3 available)
Number of reviews,0
UPC,6f2c0a9adbb2bca9
Product Type,Books
Price (excl. tax),£29.45
Price (incl. tax),£29.45
Tax,£0.00
Availability,In stock (1 available)
Number of reviews,0
UPC,a897fe39b1053632
Product Type,Books
Price (excl. tax),£51.77
Price (incl. tax),£51.77
Tax,£0.00
Availability,In stock (22 available)
Number of reviews,0
UPC,1dfe412b8ac00530
Product Type,Books
Price (excl. tax),£52.15
Price (incl. tax),£52.15
Tax,£0.00
Availability,In stock (19 available)
Number of reviews,0
UPC,30a7f60cd76ca58c
Product Type,Books
Price (excl. tax),£20.66
Price (incl. tax),£20.66
Tax,£0.00
Availability,In stock (19 available)
Number of reviews,0
UPC,feb7cc7701ecf901
Product Type,Books
Price (excl. tax),£23.88
Price (incl. tax),£23.88
Tax,£0.00
Availability,In stock (19 available)
Number of reviews,0
UPC,55f9da0c5eea2e10
Product Type,Books
Price (excl. tax),£33.63
Price (incl. tax),£33.63
Tax,£0.00
Availability,In stock (17 available)
Number of reviews,0
UPC,b4fd5943413e089a
Product Type,Books
Price (excl. tax),£57.31
Price (incl. tax),£57.31
Tax,£0.00
Availability,In stock (17 available)
Number of reviews,0
UPC,657fe5ead67a7767
Product Type,Books
Price (excl. tax),£14.27
Price (incl. tax),£14.27
Tax,£0.00
Availability,In stock (16 available)
Number of reviews,0
UPC,31001a1210623bd4
Product Type,Books
Price (excl. tax),£14.19
Price (incl. tax),£14.19
Tax,£0.00
Availability,In stock (15 available)
Number of reviews,0
UPC,cfeb1e1e0e695b58
Product Type,Books
Price (excl. tax),£41.05
Price (incl. tax),£41.05
Tax,£0.00
Availability,In stock (15 available)
Number of reviews,0
UPC,86cbddb61ea78bb7
Product Type,Books
Price (excl. tax),£46.78
Price (incl. tax),£46.78
Tax,£0.00
Availability,In stock (14 available)
Number of reviews,0
UPC,aa35446aab16017f
Product Type,Books
Price (excl. tax),£50.89
Price (incl. tax),£50.89
Tax,£0.00
Availability,In stock (14 available)
Number of reviews,0
UPC,c0fc0cd215ee1724
Product Type,Books
Price (excl. tax),£53.64
Price (incl. tax),£53.64
Tax,£0.00
Availability,In stock (8 available)
Number of reviews,0
UPC,c44c5e1425475206
Product Type,Books
Price (excl. tax),£29.04
Price (incl. tax),£29.04
Tax,£0.00
Availability,In stock (8 available)
Number of reviews,0
UPC,b7870fa6dc088fbb
Product Type,Books
Price (excl. tax),£40.45
Price (incl. tax),£40.45
Tax,£0.00
Availability,In stock (8 available)
Number of reviews,0
UPC,b74ee891e2a6dd69
Product Type,Books
Price (excl. tax),£51.17
Price (incl. tax),£51.17
Tax,£0.00
Availability,In stock (7 available)
Number of reviews,0
UPC,3d250ab0f12be445
Product Type,Books
Price (excl. tax),£15.42
Price (incl. tax),£15.42
Tax,£0.00
Availability,In stock (6 available)
Number of reviews,0
UPC,b228042c088b1913
Product Type,Books
Price (excl. tax),£38.77
Price (incl. tax),£38.77
Tax,£0.00
Availability,In stock (5 available)
Number of reviews,0
UPC,b54d7416bb445989
Product Type,Books
Price (excl. tax),£17.49
Price (incl. tax),£17.49
Tax,£0.00
Availability,In stock (5 available)
Number of reviews,0
UPC,e63c3f25338baf9a
Product Type,Books
Price (excl. tax),£30.95
Price (incl. tax),£30.95
Tax,£0.00
Availability,In stock (1 available)
Number of reviews,0
UPC,e7e87087b1a44711
Product Type,Books
Price (excl. tax),£15.40
Price (incl. tax),£15.40
Tax,£0.00
Availability,In stock (1 available)
Number of reviews,0
UPC,ccd9ffa25efabdea
Product Type,Books
Price (excl. tax),£44.18
Price (incl. tax),£44.18
Tax,£0.00
Availability,In stock (18 available)
Number of reviews,0
UPC,9194ae88379dbf1a
Product Type,Books
Price (excl. tax),£49.05
Price (incl. tax),£49.05
Tax,£0.00
Availability,In stock (14 available)
Number of reviews,0
UPC,d6d9ffea95f2f8bf
Product Type,Books
Price (excl. tax),£48.63
Price (incl. tax),£48.63
Tax,£0.00
Availability,In stock (9 available)
Number of reviews,0
UPC,3eec766dda26fa64
Product Type,Books
Price (excl. tax),£43.02
Price (incl. tax),£43.02
Tax,£0.00
Availability,In stock (8 available)
Number of reviews,0
UPC,8a150fd8ff5d7686
Product Type,Books
Price (excl. tax),£10.29
Price (incl. tax),£10.29
Tax,£0.00
Availability,In stock (8 available)
Number of reviews,0
UPC,9147c5251cc99eb1
Product Type,Books
Price (excl. tax),£41.14
Price (incl. tax),£41.14
Tax,£0.00
Availability,In stock (7 available)
Number of reviews,0
UPC,4b8fa561a1e52d1c
Product Type,Books
Price (excl. tax),£32.34
Price (incl. tax),£32.34
Tax,£0.00
Availability,In stock (7 available)
Number of reviews,0
UPC,66a4e422b212726a
Product Type,Books
Price (excl. tax),£39.51
Price (incl. tax),£39.51
Tax,£0.00
Availability,In stock (1 available)
Number of reviews,0
UPC,4e812d32d64e2431
Product Type,Books
Price (excl. tax),£10.40
Price (incl. tax),£10.40
Tax,£0.00
Availability,In stock (14 available)
Number of reviews,0
UPC,235fa48eeed11d82
Product Type,Books
Price (excl. tax),£39.43
Price (incl. tax),£39.43
Tax,£0.00
Availability,In stock (12 available)
Number of reviews,0
UPC,ce8666d9b42fc9a0
Product Type,Books
Price (excl. tax),£56.27
Price (incl. tax),£56.27
Tax,£0.00
Availability,In stock (11 available)
Number of reviews,0
UPC,46cb43c2ab133ccc
Product Type,Books
Price (excl. tax),£21.30
Price (incl. tax),£21.30
Tax,£0.00
Availability,In stock (6 available)
Number of reviews,0
UPC,719d72f3ee512dc6
Product Type,Books
Price (excl. tax),£21.14
Price (incl. tax),£21.14
Tax,£0.00
Availability,In stock (3 available)
Number of reviews,0
UPC,396385e3de5d18c3
Product Type,Books
Price (excl. tax),£59.95
Price (incl. tax),£59.95
Tax,£0.00
Availability,In stock (3 available)
Number of reviews,0
UPC,f5873c8fc7760000
Product Type,Books
Price (excl. tax),£31.04
Price (incl. tax),£31.04
Tax,£0.00
Availability,In stock (3 available)
Number of reviews,0
UPC,c99761a700ade23f
Product Type,Books
Price (excl. tax),£10.93
Price (incl. tax),£10.93
Tax,£0.00
Availability,In stock (15 available)
Number of reviews,0
UPC,5569c3fea112718e
Product Type,Books
Price (excl. tax),£27.18
Price (incl. tax),£27.18
Tax,£0.00
Availability,In stock (11 available)
Number of reviews,0
UPC,825d6c44da3ca5a6
Product Type,Books
Price (excl. tax),£40.85
Price (incl. tax),£40.85
Tax,£0.00
Availability,In stock (11 available)
Number of reviews,0
UPC,612369a5947a012e
Product Type,Books
Price (excl. tax),£58.81
Price (incl. tax),£58.81
Tax,£0.00
Availability,In stock (5 available)
Number of reviews,0
UPC,28921443f052bea6
Product Type,Books
Price (excl. tax),£12.91
Price (incl. tax),£12.91
Tax,£0.00
Availability,In stock (3 available)
Number of reviews,0
UPC,abc4a7ee16c21088
Product Type,Books
Price (excl. tax),£57.60
Price (incl. tax),£57.60
Tax,£0.00
Availability,In stock (3 available)
Number of reviews,0
UPC,0dcadb06206abd3c
Product Type,Books
Price (excl. tax),£11.87
Price (incl. tax),£11.87
Tax,£0.00
Availability,In stock (3 available)
Number of reviews,0
UPC,c53d9fefcda371e9
Product Type,Books
Price (excl. tax),£59.04
Price (incl. tax),£59.04
Tax,£0.00
Availability,In stock (3 available)
Number of reviews,0
UPC,c9770bb1d5a492a0
Product Type,Books
Price (excl. tax),£54.29
Price (incl. tax),£54.29
Tax,£0.00
Availability,In stock (3 available)
Number of reviews,0
UPC,ef49db2aaa9bb547
Product Type,Books
Price (excl. tax),£37.35
Price (incl. tax),£37.35
Tax,£0.00
Availability,In stock (3 available)
Number of reviews,0
UPC,ed813a848580ba50
Product Type,Books
Price (excl. tax),£15.36
Price (incl. tax),£15.36
Tax,£0.00
Availability,In stock (3 available)
Number of reviews,0
UPC,f21effc079a2b38a
Product Type,Books
Price (excl. tax),£44.07
Price (incl. tax),£44.07
Tax,£0.00
Availability,In stock (14 available)
Number of reviews,0
UPC,02b74068fa98d8a4
Product Type,Books
Price (excl. tax),£11.83
Price (incl. tax),£11.83
Tax,£0.00
Availability,In stock (14 available)
Number of reviews,0
UPC,b8a8ff84233f0570
Product Type,Books
Price (excl. tax),£25.98
Price (incl. tax),£25.98
Tax,£0.00
Availability,In stock (14 available)
Number of reviews,0
UPC,fbb21a2f71f4d981
Product Type,Books
Price (excl. tax),£14.75
Price (incl. tax),£14.75
Tax,£0.00
Availability,In stock (14 available)
Number of reviews,0
UPC,7e9068872228c474
Product Type,Books
Price (excl. tax),£43.68
Price (incl. tax),£43.68
Tax,£0.00
Availability,In stock (9 available)
Number of reviews,0
UPC,4242cc3d0437db12
Product Type,Books
Price (excl. tax),£25.55
Price (incl. tax),£25.55
Tax,£0.00
Availability,In stock (7 available)
Number of reviews,0
UPC,dab0196cd5fc8e5e
Product Type,Books
Price (excl. tax),£30.89
Price (incl. tax),£30.89
Tax,£0.00
Availability,In stock (3 available)
Number of reviews,0
UPC,54aeeb4610d3ae08
Product Type,Books
Price (excl. tax),£31.69
Price (incl. tax),£31.69
Tax,£0.00
Availability,In stock (3 available)
Number of reviews,0
UPC,190fbebbf798c31a
Product Type,Books
Price (excl. tax),£55.50
Price (incl. tax),£55.50
Tax,£0.00
Availability,In stock (3 available)
Number of reviews,0
UPC,0cb4856be3694a57
Product Type,Books
Price (excl. tax),£51.07
Price (incl. tax),£51.07
Tax,£0.00
Availability,In stock (3 available)
Number of reviews,0
UPC,6f78a0d744c35456
Product Type,Books
Price (excl. tax),£39.25
Price (incl. tax),£39.25
Tax,£0.00
Availability,In stock (16 available)
Number of reviews,0
UPC,8585760646e3aa2a
Product Type,Books
Price (excl. tax),£21.36
Price (incl. tax),£21.36
Tax,£0.00
Availability,In stock (15 available)
Number of reviews,0
UPC,2d88a31f325dfd3b
Product Type,Books
Price (excl. tax),£23.40
Price (incl. tax),£23.40
Tax,£0.00
Availability,In stock (14 available)
Number of reviews,0
UPC,af58a74e4b2a23a0
Product Type,Books
Price (excl. tax),£10.56
Price (incl. tax),£10.56
Tax,£0.00
Availability,In stock (14 available)
Number of reviews,0
UPC,bf5de316a5e9a4ab
Product Type,Books
Price (excl. tax),£40.12
Price (incl. tax),£40.12
Tax,£0.00
Availability,In stock (14 available)
Number of reviews,0
UPC,b8d7b3f5c7a95d65
Product Type,Books
Price (excl. tax),£36.97
Price (incl. tax),£36.97
Tax,£0.00
Availability,In stock (12 available)
Number of reviews,0
UPC,d069086944f2e330
Product Type,Books
Price (excl. tax),£48.64
Price (incl. tax),£48.64
Tax,£0.00
Availability,In stock (12 available)
Number of reviews,0
UPC,e958ae92f328c181
Product Type,Books
Price (excl. tax),£23.37
Price (incl. tax),£23.37
Tax,£0.00
Availability,In stock (5 available)
Number of reviews,0
UPC,e46b1074b99ac4b6
Product Type,Books
Price (excl. tax),£35.63
Price (incl. tax),£35.63
Tax,£0.00
Availability,In stock (5 available)
Number of reviews,0
UPC,869d20b3b8128230
Product Type,Books
Price (excl. tax),£12.75
Price (incl. tax),£12.75
Tax,£0.00
Availability,In stock (4 available)
Number of reviews,0
UPC,70b585c9d0f15725
Product Type,Books
Price (excl. tax),£47.51
Price (incl. tax),£47.51
Tax,£0.00
Availability,In stock (4 available)
Number of reviews,0
UPC,81d4191030b9704b
Product Type,Books
Price (excl. tax),£34.79
Price (incl. tax),£34.79
Tax,£0.00
Availability,In stock (4 available)
Number of reviews,0
UPC,670a2773607d785d
Product Type,Books
Price (excl. tax),£25.01
Price (incl. tax),£25.01
Tax,£0.00
Availability,In stock (4 available)
Number of reviews,0
UPC,6e9403f00acd6752
Product Type,Books
Price (excl. tax),£49.56
Price (incl. tax),£49.56
Tax,£0.00
Availability,In stock (4 available)
Number of reviews,0
UPC,49f24193f0b961e6
Product Type,Books
Price (excl. tax),£57.86
Price (incl. tax),£57.86
Tax,£0.00
Availability,In stock (3 available)
Number of reviews,0
UPC,92dcc54a27107a37
Product Type,Books
Price (excl. tax),£49.47
Price (incl. tax),£49.47
Tax,£0.00
Availability,In stock (3 available)
Number of reviews,0
UPC,557c03c284be1bf2
Product Type,Books
Price (excl. tax),£54.89
Price (incl. tax),£54.89
Tax,£0.00
Availability,In stock (3 available)
Number of reviews,0
UPC,4165285e1663650f
Product Type,Books
Price (excl. tax),£54.23
Price (incl. tax),£54.23
Tax,£0.00
Availability,In stock (20 available)
Number of reviews,0
UPC,9a9d6e9bc555731e
Product Type,Books
Price (excl. tax),£25.52
Price (incl. tax),£25.52
Tax,£0.00
Availability,In stock (16 available)
Number of reviews,0
UPC,a3d2a4250807f1e9
Product Type,Books
Price (excl. tax),£19.73
Price (incl. tax),£19.73
Tax,£0.00
Availability,In stock (16 available)
Number of reviews,0
UPC,7392c0032f92d816
Product Type,Books
Price (excl. tax),£36.28
Price (incl. tax),£36.28
Tax,£0.00
Availability,In stock (16 available)
Number of reviews,0
UPC,de3f25248ba0789f
Product Type,Books
Price (excl. tax),£59.64
Price (incl. tax),£59.64
Tax,£0.00
Availability,In stock (15 available)
Number of reviews,0
UPC,dd5bfa6cc2c0ecc3
Product Type,Books
Price (excl. tax),£24.70
Price (incl. tax),£24.70
Tax,£0.00
Availability,In stock (14 available)
Number of reviews,0
UPC,d5e0526e1ab682a3
Product Type,Books
Price (excl. tax),£14.58
Price (incl. tax),£14.58
Tax,£0.00
Availability,In stock (14 available)
Number of reviews,0
UPC,6e8e5626ac4d279e
Product Type,Books
Price (excl. tax),£21.80
Price (incl. tax),£21.80
Tax,£0.00
Availability,In stock (14 available)
Number of reviews,0
UPC,7f5157bf53065d36
Product Type,Books
Price (excl. tax),£11.45
Price (incl. tax),£11.45
Tax,£0.00
Availability,In stock (8 available)
Number of reviews,0
UPC,f16c2edb2a603f92
Product Type,Books
Price (excl. tax),£44.48
Price (incl. tax),£44.48
Tax,£0.00
Availability,In stock (8 available)
Number of reviews,0
UPC,6c7fa6844380f50a
Product Type,Books
Price (excl. tax),£52.40
Price (incl. tax),£52.40
Tax,£0.00
Availability,In stock (7 available)
Number of reviews,0
UPC,774fa432bd7d9c47
Product Type,Books
Price (excl. tax),£39.67
Price (incl. tax),£39.67
Tax,£0.00
Availability,In stock (6 available)
Number of reviews,0
UPC,f3c70d296ec796c4
Product Type,Books
Price (excl. tax),£58.55
Price (incl. tax),£58.55
Tax,£0.00
Availability,In stock (6 available)
Number of reviews,0
UPC,0d210d2448c3018f
Product Type,Books
Price (excl. tax),£42.91
Price (incl. tax),£42.91
Tax,£0.00
Availability,In stock (5 available)
Number of reviews,0
UPC,c4589ee5977a47be
Product Type,Books
Price (excl. tax),£55.91
Price (incl. tax),£55.91
Tax,£0.00
Availability,In stock (5 available)
Number of reviews,0
UPC,add33db6ff80db24
Product Type,Books
Price (excl. tax),£51.22
Price (incl. tax),£51.22
Tax,£0.00
Availability,In stock (5 available)
Number of reviews,0
UPC,b5da59dd177eb36b
Product Type,Books
Price (excl. tax),£14.54
Price (incl. tax),£14.54
Tax,£0.00
Availability,In stock (3 available)
Number of reviews,0
UPC,1812b8f5641287e3
Product Type,Books
Price (excl. tax),£43.70
Price (incl. tax),£43.70
Tax,£0.00
Availability,In stock (3 available)
Number of reviews,0
UPC,5674a18a29a43ced
Product Type,Books
Price (excl. tax),£30.52
Price (incl. tax),£30.52
Tax,£0.00
Availability,In stock (19 available)
Number of reviews,0
UPC,142d767a56a9254d
Product Type,Books
Price (excl. tax),£56.41
Price (incl. tax),£56.41
Tax,£0.00
Availability,In stock (16 available)
Number of reviews,0
UPC,784bc2279baa878d
Product Type,Books
Price (excl. tax),£33.37
Price (incl. tax),£33.37
Tax,£0.00
Availability,In stock (16 available)
Number of reviews,0
UPC,72f9d5be3472d34e
Product Type,Books
Price (excl. tax),£14.02
Price (incl. tax),£14.02
Tax,£0.00
Availability,In stock (16 available)
Number of reviews,0
UPC,7b75cc7f223791f4
Product Type,Books
Price (excl. tax),£40.11
Price (incl. tax),£40.11
Tax,£0.00
Availability,In stock (16 available)
Number of reviews,0
UPC,e4c7f3487d17fd42
Product Type,Books
Price (excl. tax),£37.34
Price (incl. tax),£37.34
Tax,£0.00
Availability,In stock (15 available)
Number of reviews,0
UPC,e28e330cbdf01126
Product Type,Books
Price (excl. tax),£37.60
Price (incl. tax),£37.60
Tax,£0.00
Availability,In stock (15 available)
Number of reviews,0
UPC,96a38e7c813d8f1d
Product Type,Books
Price (excl. tax),£41.25
Price (incl. tax),£41.25
Tax,£0.00
Availability,In stock (15 available)
Number of reviews,0
UPC,46c1530d7546ea6d
Product Type,Books
Price (excl. tax),£42.16
Price (incl. tax),£42.16
Tax,£0.00
Availability,In stock (15 available)
Number of reviews,0
UPC,ddc8340dabc8641b
Product Type,Books
Price (excl. tax),£28.77
Price (incl. tax),£28.77
Tax,£0.00
Availability,In stock (14 available)
Number of reviews,0
UPC,245e6bf08b8d2955
Product Type,Books
Price (excl. tax),£19.55
Price (incl. tax),£19.55
Tax,£0.00
Availability,In stock (14 available)
Number of reviews,0
UPC,999912e63a3262ae
Product Type,Books
Price (excl. tax),£28.01
Price (incl. tax),£28.01
Tax,£0.00
Availability,In stock (14 available)
Number of reviews,0
UPC,0e0da9192a025efc
Product Type,Books
Price (excl. tax),£50.62
Price (incl. tax),£50.62
Tax,£0.00
Availability,In stock (14 available)
Number of reviews,0
UPC,8bbd7df8a324f31d
Product Type,Books
Price (excl. tax),£11.53
Price (incl. tax),£11.53
Tax,£0.00
Availability,In stock (13 available)
Number of reviews,0
UPC,76319fe9d8b465a3
Product Type,Books
Price (excl. tax),£20.10
Price (incl. tax),£20.10
Tax,£0.00
Availability,In stock (12 available)
Number of reviews,0
UPC,a4eef523118805ef
Product Type,Books
Price (excl. tax),£38.77
Price (incl. tax),£38.77
Tax,£0.00
Availability,In stock (12 available)
Number of reviews,0
UPC,2587c54f5530dafc
Product Type,Books
Price (excl. tax),£20.50
Price (incl. tax),£20.50
Tax,£0.00
Availability,In stock (11 available)
Number of reviews,0
UPC,65cfc9f242c2984a
Product Type,Books
Price (excl. tax),£12.34
Price (incl. tax),£12.34
Tax,£0.00
Availability,In stock (9 available)
Number of reviews,0
UPC,b1a227b7609ff263
Product Type,Books
Price (excl. tax),£53.63
Price (incl. tax),£53.63
Tax,£0.00
Availability,In stock (8 available)
Number of reviews,0
UPC,924438fc6cbec836
Product Type,Books
Price (excl. tax),£11.38
Price (incl. tax),£11.38
Tax,£0.00
Availability,In stock (7 available)
Number of reviews,0
UPC,b53db2271c9624f7
Product Type,Books
Price (excl. tax),£20.47
Price (incl. tax),£20.47
Tax,£0.00
Availability,In stock (15 available)
Number of reviews,0
UPC,a57b1dcbd6849222
Product Type,Books
Price (excl. tax),£49.46
Price (incl. tax),£49.46
Tax,£0.00
Availability,In stock (15 available)
Number of reviews,0
UPC,bee6e93e9976f4fa
Product Type,Books
Price (excl. tax),£39.67
Price (incl. tax),£39.67
Tax,£0.00
Availability,In stock (8 available)
Number of reviews,0
UPC,b6670507e85b30e6
Product Type,Books
Price (excl. tax),£28.77
Price (incl. tax),£28.77
Tax,£0.00
Availability,In stock (7 available)
Number of reviews,0
UPC,4807043b8218e9ce
Product Type,Books
Price (excl. tax),£17.97
Price (incl. tax),£17.97
Tax,£0.00
Availability,In stock (7 available)
Number of reviews,0
UPC,61569d12d4ae7161
Product Type,Books
Price (excl. tax),£49.97
Price (incl. tax),£49.97
Tax,£0.00
Availability,In stock (3 available)
Number of reviews,0
UPC,2597b5a345f45e1b
Product Type,Books
Price (excl. tax),£33.34
Price (incl. tax),£33.34
Tax,£0.00
Availability,In stock (19 available)
Number of reviews,0
UPC,3bebf34ee9330cbd
Product Type,Books
Price (excl. tax),£12.61
Price (incl. tax),£12.61
Tax,£0.00
Availability,In stock (15 available)
Number of reviews,0
UPC,56e4f9eab2e8e674
Product Type,Books
Price (excl. tax),£27.55
Price (incl. tax),£27.55
Tax,£0.00
Availability,In stock (15 available)
Number of reviews,0
UPC,0e0dcc3339602b28
Product Type,Books
Price (excl. tax),£23.99
Price (incl. tax),£23.99
Tax,£0.00
Availability,In stock (15 available)
Number of reviews,0
UPC,b96fc7a0ea7d4b45
Product Type,Books
Price (excl. tax),£38.85
Price (incl. tax),£38.85
Tax,£0.00
Availability,In stock (14 available)
Number of reviews,0
UPC,8976d9161c027142
Product Type,Books
Price (excl. tax),£43.14
Price (incl. tax),£43.14
Tax,£0.00
Availability,In stock (12 available)
Number of reviews,0
UPC,1c584f82a7a1c4f0
Product Type,Books
Price (excl. tax),£21.00
Price (incl. tax),£21.00
Tax,£0.00
Availability,In stock (11 available)
Number of reviews,0
UPC,816180220e8cb419
Product Type,Books
Price (excl. tax),£21.59
Price (incl. tax),£21.59
Tax,£0.00
Availability,In stock (11 available)
Number of reviews,0
UPC,a2308a936e898d48
Product Type,Books
Price (excl. tax),£36.91
Price (incl. tax),£36.91
Tax,£0.00
Availability,In stock (8 available)
Number of reviews,0
UPC,8486f61aa81a3daa
Product Type,Books
Price (excl. tax),£51.74
Price (incl. tax),£51.74
Tax,£0.00
Availability,In stock (7 available)
Number of reviews,0
UPC,70c7c3ca7f9b2728
Product Type,Books
Price (excl. tax),£33.92
Price (incl. tax),£33.92
Tax,£0.00
Availability,In stock (3 available)
Number of reviews,0
UPC,8e9dd8431170c09e
Product Type,Books
Price (excl. tax),£44.88
Price (incl. tax),£44.88
Tax,£0.00
Availability,In stock (3 available)
Number of reviews,0
UPC,d69dd8dac66f9f84
Product Type,Books
Price (excl. tax),£16.85
Price (incl. tax),£16.85
Tax,£0.00
Availability,In stock (15 available)
Number of reviews,0
UPC,b06599b108e83f98
Product Type,Books
Price (excl. tax),£21.15
Price (incl. tax),£21.15
Tax,£0.00
Availability,In stock (11 available)
Number of reviews,0
UPC,57f85720e54d6442
Product Type,Books
Price (excl. tax),£39.55
Price (incl. tax),£39.55
Tax,£0.00
Availability,In stock (7 available)
Number of reviews,0
UPC,5b546a46a86a9d8c
Product Type,Books
Price (excl. tax),£48.19
Price (incl. tax),£48.19
Tax,£0.00
Availability,In stock (7 available)
Number of reviews,0
UPC,1a5044d233936b1a
Product Type,Books
Price (excl. tax),£42.57
Price (incl. tax),£42.57
Tax,£0.00
Availability,In stock (3 available)
Number of reviews,0
UPC,23356462d1320d61
Product Type,Books
Price (excl. tax),£12.84
Price (incl. tax),£12.84
Tax,£0.00
Availability,In stock (19 available)
Number of reviews,0
UPC,5dada2b7be26bd03
Product Type,Books
Price (excl. tax),£23.82
Price (incl. tax),£23.82
Tax,£0.00
Availability,In stock (18 available)
Number of reviews,0
UPC,be5cc846f45496fb
Product Type,Books
Price (excl. tax),£52.22
Price (incl. tax),£52.22
Tax,£0.00
Availability,In stock (18 available)
Number of reviews,0
UPC,024387ca4cafd5cc
Product Type,Books
Price (excl. tax),£43.61
Price (incl. tax),£43.61
Tax,£0.00
Availability,In stock (14 available)
Number of reviews,0
UPC,847935fc68707426
Product Type,Books
Price (excl. tax),£13.82
Price (incl. tax),£13.82
Tax,£0.00
Availability,In stock (14 available)
Number of reviews,0
UPC,1b8187fa4bf6ab05
Product Type,Books
Price (excl. tax),£39.24
Price (incl. tax),£39.24
Tax,£0.00
Availability,In stock (14 available)
Number of reviews,0
UPC,012170e4fc87ace0
Product Type,Books
Price (excl. tax),£18.32
Price (incl. tax),£18.32
Tax,£0.00
Availability,In stock (6 available)
Number of reviews,0
UPC,8dde2ff3f6fcc0a3
Product Type,Books
Price (excl. tax),£31.49
Price (incl. tax),£31.49
Tax,£0.00
Availability,In stock (5 available)
Number of reviews,0
UPC,9c4d061c1e2fe6bf
Product Type,Books
Price (excl. tax),£59.71
Price (incl. tax),£59.71
Tax,£0.00
Availability,In stock (4 available)
Number of reviews,0
UPC,ad15a9a139919918
Product Type,Books
Price (excl. tax),£34.93
Price (incl. tax),£34.93
Tax,£0.00
Availability,In stock (4 available)
Number of reviews,0
UPC,2b685187f55c5d31
Product Type,Books
Price (excl. tax),£15.77
Price (incl. tax),£15.77
Tax,£0.00
Availability,In stock (3 available)
Number of reviews,0
UPC,3ecb690d1542c568
Product Type,Books
Price (excl. tax),£31.77
Price (incl. tax),£31.77
Tax,£0.00
Availability,In stock (16 available)
Number of reviews,0
UPC,a278db6b2b09cf9f
Product Type,Books
Price (excl. tax),£52.79
Price (incl. tax),£52.79
Tax,£0.00
Availability,In stock (14 available)
Number of reviews,0
UPC,be3db344a845580b
Product Type,Books
Price (excl. tax),£24.04
Price (incl. tax),£24.04
Tax,£0.00
Availability,In stock (3 available)
Number of reviews,0
UPC,6258a1f6a6dcfe50
Product Type,Books
Price (excl. tax),£17.66
Price (incl. tax),£17.66
Tax,£0.00
Availability,In stock (18 available)
Number of reviews,0
UPC,7d6d2a6c0276f81b
Product Type,Books
Price (excl. tax),£32.24
Price (incl. tax),£32.24
Tax,£0.00
Availability,In stock (16 available)
Number of reviews,0
UPC,513271dadc1322ae
Product Type,Books
Price (excl. tax),£37.80
Price (incl. tax),£37.80
Tax,£0.00
Availability,In stock (15 available)
Number of reviews,0
UPC,8fab4c4f6f82a4ce
Product Type,Books
Price (excl. tax),£20.91
Price (incl. tax),£20.91
Tax,£0.00
Availability,In stock (9 available)
Number of reviews,0
UPC,48cb52d78c992487
Product Type,Books
Price (excl. tax),£46.33
Price (incl. tax),£46.33
Tax,£0.00
Availability,In stock (7 available)
Number of reviews,0
UPC,f6ae39568db1130e
Product Type,Books
Price (excl. tax),£55.65
Price (incl. tax),£55.65
Tax,£0.00
Availability,In stock (4 available)
Number of reviews,0
UPC,7093cf549cd2e7de
Product Type,Books
Price (excl. tax),£13.12
Price (incl. tax),£13.12
Tax,£0.00
Availability,In stock (5 available)
Number of reviews,0
UPC,9ffa38d3b832433a
Product Type,Books
Price (excl. tax),£46.35
Price (incl. tax),£46.35
Tax,£0.00
Availability,In stock (16 available)
Number of reviews,0
UPC,a6f99b9e687f9d46
Product Type,Books
Price (excl. tax),£46.03
Price (incl. tax),£46.03
Tax,£0.00
Availability,In stock (16 available)
Number of reviews,0
UPC,8ecf0356a3878811
Product Type,Books
Price (excl. tax),£52.15
Price (incl. tax),£52.15
Tax,£0.00
Availability,In stock (14 available)
Number of reviews,0
UPC,88ec621893e595d0
Product Type,Books
Price (excl. tax),£12.08
Price (incl. tax),£12.08
Tax,£0.00
Availability,In stock (7 available)
Number of reviews,0
UPC,e792c0969cefe1b8
Product Type,Books
Price (excl. tax),£46.49
Price (incl. tax),£46.49
Tax,£0.00
Availability,In stock (6 available)
Number of reviews,0
UPC,39861fc1c0845d15
Product Type,Books
Price (excl. tax),£29.87
Price (incl. tax),£29.87
Tax,£0.00
Availability,In stock (14 available)
Number of reviews,0
UPC,eb7459e0c570251d
Product Type,Books
Price (excl. tax),£15.79
Price (incl. tax),£15.79
Tax,£0.00
Availability,In stock (6 available)
Number of reviews,0
UPC,e4ac92d89b946781
Product Type,Books
Price (excl. tax),£54.00
Price (incl. tax),£54.00
Tax,£0.00
Availability,In stock (16 available)
Number of reviews,0
UPC,4b9d9cfe0f435788
Product Type,Books
Price (excl. tax),£47.72
Price (incl. tax),£47.72
Tax,£0.00
Availability,In stock (14 available)
Number of reviews,0
UPC,a322361a37a78d3d
Product Type,Books
Price (excl. tax),£25.77
Price (incl. tax),£25.77
Tax,£0.00
Availability,In stock (7 available)
Number of reviews,0
UPC,e46a164cf310fd7d
Product Type,Books
Price (excl. tax),£58.33
Price (incl. tax),£58.33
Tax,£0.00
Availability,In stock (8 available)
Number of reviews,0
UPC,1bba4b1ba23ed2d6
Product Type,Books
Price (excl. tax),£35.88
Price (incl. tax),£35.88
Tax,£0.00
Availability,In stock (8 available)
Number of reviews,0
UPC,0e095ed785af7e43
Product Type,Books
Price (excl. tax),£54.81
Price (incl. tax),£54.81
Tax,£0.00
Availability,In stock (9 available)
Number of reviews,0
UPC,43c6a960757cf559
Product Type,Books
Price (excl. tax),£49.05
Price (incl. tax),£49.05
Tax,£0.00
Availability,In stock (16 available)
Number of reviews,0
UPC,047dfa57ba0bf638
Product Type,Books
Price (excl. tax),£54.07
Price (incl. tax),£54.07
Tax,£0.00
Availability,In stock (14 available)
Number of reviews,0
UPC,96aa539bfd4c07e2
Product Type,Books
Price (excl. tax),£49.71
Price (incl. tax),£49.71
Tax,£0.00
Availability,In stock (10 available)
Number of reviews,0
UPC,f9c87ccb2bc4853b
Product Type,Books
Price (excl. tax),£52.98
Price (incl. tax),£52.98
Tax,£0.00
Availability,In stock (9 available)
Number of reviews,0
UPC,a18a4f574854aced
Product Type,Books
Price (excl. tax),£51.33
Price (incl. tax),£51.33
Tax,£0.00
Availability,In stock (19 available)
Number of reviews,0
UPC,2b5054a4192e9b06
Product Type,Books
Price (excl. tax),£52.65
Price (incl. tax),£52.65
Tax,£0.00
Availability,In stock (14 available)
Number of reviews,0
UPC,3968e3fbf4695d7c
Product Type,Books
Price (excl. tax),£56.86
Price (incl. tax),£56.86
Tax,£0.00
Availability,In stock (12 available)
Number of reviews,0
UPC,bb8245f52c7cce8f
Product Type,Books
Price (excl. tax),£36.58
Price (incl. tax),£36.58
Tax,£0.00
Availability,In stock (15 available)
Number of reviews,0
UPC,88c21fcd38e2486e
Product Type,Books
Price (excl. tax),£19.19
Price (incl. tax),£19.19
Tax,£0.00
Availability,In stock (15 available)
Number of reviews,0
UPC,abeafe151a587d3b
Product Type,Books
Price (excl. tax),£10.97
Price (incl. tax),£10.97
Tax,£0.00
Availability,In stock (15 available)
Number of reviews,0
UPC,a897fe39b1053632
Product Type,Books
Price (excl. tax),£51.77
Price (incl. tax),£51.77
Tax,£0.00
Availability,In stock (22 available)
Number of reviews,0
UPC,90fa61229261140a
Product Type,Books
Price (excl. tax),£53.74
Price (incl. tax),£53.74
Tax,£0.00
Availability,In stock (20 available)
Number of reviews,0
UPC,6957f44c3847a760
Product Type,Books
Price (excl. tax),£50.10
Price (incl. tax),£50.10
Tax,£0.00
Availability,In stock (20 available)
Number of reviews,0
UPC,e00eb4fd7b871a48
Product Type,Books
Price (excl. tax),£47.82
Price (incl. tax),£47.82
Tax,£0.00
Availability,In stock (20 available)
Number of reviews,0
UPC,4165285e1663650f
Product Type,Books
Price (excl. tax),£54.23
Price (incl. tax),£54.23
Tax,£0.00
Availability,In stock (20 available)
Number of reviews,0
UPC,f77dbf2323deb740
Product Type,Books
Price (excl. tax),£22.65
Price (incl. tax),£22.65
Tax,£0.00
Availability,In stock (19 available)
Number of reviews,0
UPC,2597b5a345f45e1b
Product Type,Books
Price (excl. tax),£33.34
Price (incl. tax),£33.34
Tax,£0.00
Availability,In stock (19 available)
Number of reviews,0
UPC,e72a5dfc7e9267b2
Product Type,Books
Price (excl. tax),£17.93
Price (incl. tax),£17.93
Tax,£0.00
Availability,In stock (19 available)
Number of reviews,0
UPC,e10e1e165dc8be4a
Product Type,Books
Price (excl. tax),£22.60
Price (incl. tax),£22.60
Tax,£0.00
Availability,In stock (19 available)
Number of reviews,0
UPC,1dfe412b8ac00530
Product Type,Books
Price (excl. tax),£52.15
Price (incl. tax),£52.15
Tax,£0.00
Availability,In stock (19 available)
Number of reviews,0
UPC,0312262ecafa5a40
Product Type,Books
Price (excl. tax),£13.99
Price (incl. tax),£13.99
Tax,£0.00
Availability,In stock (19 available)
Number of reviews,0
UPC,30a7f60cd76ca58c
Product Type,Books
Price (excl. tax),£20.66
Price (incl. tax),£20.66
Tax,£0.00
Availability,In stock (19 available)
Number of reviews,0
UPC,ce6396b0f23f6ecc
Product Type,Books
Price (excl. tax),£17.46
Price (incl. tax),£17.46
Tax,£0.00
Availability,In stock (19 available)
Number of reviews,0
UPC,3b1c02bac2a429e6
Product Type,Books
Price (excl. tax),£52.29
Price (incl. tax),£52.29
Tax,£0.00
Availability,In stock (19 available)
Number of reviews,0
UPC,a34ba96d4081e6a4
Product Type,Books
Price (excl. tax),£35.02
Price (incl. tax),£35.02
Tax,£0.00
Availability,In stock (19 available)
Number of reviews,0
UPC,deda3e61b9514b83
Product Type,Books
Price (excl. tax),£57.25
Price (incl. tax),£57.25
Tax,£0.00
Availability,In stock (19 available)
Number of reviews,0
UPC,feb7cc7701ecf901
Product Type,Books
Price (excl. tax),£23.88
Price (incl. tax),£23.88
Tax,£0.00
Availability,In stock (19 available)
Number of reviews,0
UPC,e30f54cea9b38190
Product Type,Books
Price (excl. tax),£37.59
Price (incl. tax),£37.59
Tax,£0.00
Availability,In stock (19 available)
Number of reviews,0
UPC,a18a4f574854aced
Product Type,Books
Price (excl. tax),£51.33
Price (incl. tax),£51.33
Tax,£0.00
Availability,In stock (19 available)
Number of reviews,0
UPC,a22124811bfa8350
Product Type,Books
Price (excl. tax),£45.17
Price (incl. tax),£45.17
Tax,£0.00
Availability,In stock (19 available)
Number of reviews,0
